id,name,state,created,algo,game,encoder,seed,total_frames,runtime_s,num_envs,sum::eval/episode_length,sum::eval/exact_hit_rate,sum::eval/exact_minus_knn_value,sum::eval/hns,sum::eval/memory_hit_rate,sum::eval/num_episodes,sum::eval/return_max,sum::eval/return_mean,sum::eval/return_min,sum::eval/value_return_corr,sum::eval/value_return_n,sum::sys/gpu_mem_peak_gb,sum::time/collect,sum::time/elapsed_min,sum::time/speed,sum::time/step,sum::train/episode_length,sum::train/episode_reward,sum::train/episodes_completed,sum::train/epsilon,sum::train/exact_hit_rate,sum::train/q_values,sum::train/qec_size,sum::eval/return_std,sum::eval/dnd_nn_dist,sum::eval/dnd_optimistic_rate,sum::eval/dnd_top_weight,sum::eval/epsilon,sum::train/dnd_blend_rate,sum::train/dnd_rehashed,sum::train/dnd_size,sum::train/q_loss,sum::train/updates
7i73oubb,mfec_MsPacman_random_projection_rgb_seed42,finished,2026-08-18T14:56:19Z,MFEC,MsPacman,random_projection_rgb,42,100000,1134.932819811,4,1094.0,0.15579930936420883,931.6372373045796,0.3691434763631985,0.15579930936420883,1,2760,2760,2760,0.9958595084174422,1094,2.794259968,6.436752757057548,18.067393357198064,156.23498161976087,0.11747722001746295,839.1428571428571,1637.142857142857,7,0.004999999888241291,0.4370477568740955,1446.8018310546877,3757.1111111111113,,,,,,,,,,
mdisen31,mfec_MsPacman_random_projection_rgb_seed43,finished,2026-08-18T15:15:54Z,MFEC,MsPacman,random_projection_rgb,43,100000,1280.59868841,4,1154.0,0.17225110725977277,1212.6259720899727,0.4383757506434086,0.17225110725977277,1,3220,3220,3220,0.9996426745102538,1154,3.92488704,6.870779555756599,19.903186868930547,147.0969929790325,0.09061359893530609,979.0,2264.0,5,0.004999999888241291,0.26490066225165565,1738.9977294921875,3613.3333333333335,,,,,,,,,,
i3g8s16n,mfec_MsPacman_random_projection_rgb_seed44,finished,2026-08-18T15:37:36Z,MFEC,MsPacman,random_projection_rgb,44,100000,1122.906427758,4,598.0,0.19881085098476403,798.7234341020805,0.24572942221151964,0.19881085098476403,1,1940,1940,1940,0.9993307244376328,598,3.930586112,6.147291076835245,18.288238832183804,163.92773727850349,0.09936380293220282,653.5,1368.75,8,0.004999999888241291,0.9184027777777778,1406.6036987304688,3177.8888888888887,,,,,,,,,,
22s1bbrh,mfec_MsPacman_random_projection_rgb_seed45,finished,2026-08-18T15:56:37Z,MFEC,MsPacman,random_projection_rgb,45,100000,1225.681661339,4,948.0,0.16256446319737458,924.3581342254656,0.3029213009647367,0.16256446319737458,1,2320,2320,2320,0.9884584609493426,948,5.06077696,5.998694118112326,19.75948357794744,168.54451856105007,0.076852026861161,736.1666666666666,1081.6666666666667,6,0.004999999888241291,0.5222790357925493,1428.280029296875,3293.5555555555557,,,,,,,,,,
ny6p4gvc,mfec_MsPacman_random_projection_rgb_seed46,finished,2026-08-18T16:17:41Z,MFEC,MsPacman,random_projection_rgb,46,100000,1425.200916383,4,1268.0,0.1706975113915177,514.8405689051087,0.16897190072693888,0.1706975113915177,1,1430,1430,1430,0.9999955050468664,1268,5.06953984,5.97418159712106,22.74224138354572,169.35603652871697,0.07225182792171836,720.0,540.0,9,0.004999999888241291,0.9328743545611016,957.7280029296876,3025.8888888888887,,,,,,,,,,
7x3t7d8e,mfec_Qbert_random_projection_rgb_seed42,finished,2026-08-18T16:41:54Z,MFEC,Qbert,random_projection_rgb,42,100000,890.314240205,4,760.0,0.2471491228070175,374.6548620709052,0.055382925416255994,0.2471491228070175,1,900,900,900,0.9997736586587772,760,4.998255616,5.381317877676338,13.3463291712959,187.22294524353757,0.08809720212593675,659.75,790.625,8,0.004999999888241291,0.9728506787330315,574.4597778320312,2358.0,,,,,,,,,,
6iqbzia1,mfec_Qbert_random_projection_rgb_seed43,finished,2026-08-18T16:57:13Z,MFEC,Qbert,random_projection_rgb,43,100000,1049.050756166,4,1066.0,0.24812382739212008,1972.8312679616697,0.33752661555476976,0.24812382739212008,1,4650,4650,4650,0.99999999879224,1066,4.928446976,5.2701032678596675,16.753744949765192,190.65727347039137,0.10079069994390012,712.5,2187.5,8,0.004999999888241291,0.6993865030674846,3355.3737060546873,3882.6666666666665,,,,,,,,,,
nmhh65l7,mfec_Qbert_random_projection_rgb_seed44,finished,2026-08-18T17:15:18Z,MFEC,Qbert,random_projection_rgb,44,100000,902.002670837,4,950.0,0.24175438596491228,352.5362490421826,0.0948830420356479,0.24175438596491228,1,1425,1425,1425,0.9999991608243214,950,4.417306112,8.986343623138964,14.300575207701574,113.01732234866026,0.0742143401876092,761.1428571428571,1057.142857142857,7,0.004999999888241291,0.9375,623.276806640625,4213.5,,,,,,,,,,
54v6m4v9,mfec_Qbert_random_projection_rgb_seed45,finished,2026-08-18T17:30:39Z,MFEC,Qbert,random_projection_rgb,45,100000,764.469268784,4,766.0,0.3563968668407311,213.2040343592651,0.06666867302179653,0.3563968668407311,1,1050,1050,1050,1.0,766,4.944800768,5.31244736071676,12.128053419097949,190.01152575536543,0.07669940777122974,641.1428571428571,857.1428571428571,7,0.004999999888241291,0.986737400530504,709.5050537109375,1336.3333333333333,,,,,,,,,,
o8hgyr8v,mfec_Qbert_random_projection_rgb_seed46,finished,2026-08-18T17:43:40Z,MFEC,Qbert,random_projection_rgb,46,100000,791.047464361,4,824.0,0.30643203883495146,1260.2640001111847,0.3074312886066616,0.30643203883495146,1,4250,4250,4250,1.0,824,3.910500864,5.430429226253182,12.624055917118676,186.1774445292266,0.06969997892156243,763.5714285714286,3646.428571428571,7,0.004999999888241291,0.9964200477326968,2882.063671875,1506.3333333333333,,,,,,,,,,
xpihwsvo,mfec_Frostbite_random_projection_rgb_seed42,finished,2026-08-18T17:57:04Z,MFEC,Frostbite,random_projection_rgb,42,100000,1198.866761273,4,612.0,0.07561728395061729,92.34387207906072,0.0362571729710739,0.07561728395061729,1,220,220,220,0.9957905827266762,612,5.278370816,11.60518663423136,19.015313058067115,87.33078757457656,0.120346003677696,479.3636363636364,159.0909090909091,11,0.004999999888241291,0.45506015569709835,114.41087036132812,2775.6111111111113,,,,,,,,,,
ws0qp5fo,mfec_Frostbite_random_projection_rgb_seed43,finished,2026-08-18T18:17:20Z,MFEC,Frostbite,random_projection_rgb,43,100000,1046.716407305,4,486.0,0.0823045267489712,77.82714928816549,0.026888394425576764,0.0823045267489712,1,180,180,180,0.9817206353980537,486,4.244889088,11.207916717976332,16.906883695186117,90.65482304383472,0.08767645200714469,496.72727272727275,195.45454545454547,11,0.004999999888241291,0.4469170143718127,107.95134887695312,2713.722222222222,,,,,,,,,,
iaa8pcnx,mfec_Frostbite_random_projection_rgb_seed44,finished,2026-08-18T18:35:04Z,MFEC,Frostbite,random_projection_rgb,44,100000,1373.541537701,4,492.0,0.025293586269196023,90.14410195837807,0.019861810516453915,0.025293586269196023,1,150,150,150,0.888056957189328,492,5.61286656,21.45071749202907,21.256491841818207,47.31277784153513,0.19248433876782656,538.0,203.0,10,0.004999999888241291,0.6085136078157711,132.31143341064453,2671.277777777778,,,,,,,,,,
yh1bujxm,mfec_Frostbite_random_projection_rgb_seed45,finished,2026-08-18T18:58:28Z,MFEC,Frostbite,random_projection_rgb,45,100000,1826.26462239,4,494.0,0.05600539811066127,81.2509574960437,0.02923058906195105,0.05600539811066127,1,190,190,190,0.8683856655543469,494,4.261961216,16.32936625322327,29.820901099561404,62.25019189430739,0.12038223491981626,468.1666666666667,164.16666666666666,12,0.004999999888241291,0.38510189739985945,104.62198486328126,2816.222222222222,,,,,,,,,,
72eyrxep,mfec_Frostbite_random_projection_rgb_seed46,finished,2026-08-18T19:29:12Z,MFEC,Frostbite,random_projection_rgb,46,100000,1787.95227422,4,469.0,0.0406301824212272,82.19813560867905,0.019861810516453915,0.0406301824212272,1,150,150,150,0.9229483219639772,469,5.630638592,13.954654055647552,28.88655828248399,72.4097462772536,0.1870886329561472,494.7,167.0,10,0.004999999888241291,0.5130044843049327,113.93910064697266,2918.277777777778,,,,,,,,,,
rnwpmaj9,mfec_Qbert_clip_seed42,finished,2026-08-19T08:14:53Z,MFEC,Qbert,clip,42,100000,957.778604582,4,1088.0,0.13955269607843138,190.90430100718004,0.0948830420356479,0.3619791666666667,1,1425,1425,1425,0.9999757596581532,1088,7.7873536,5.820243324153125,14.629052641498856,173.21218939735343,0.0915808007121086,738.0,1014.2857142857144,7,0.004999999888241291,0.9468559837728194,648.80859375,2370.5,,,,,,,,,,
ookztf7q,mfec_Qbert_clip_seed43,finished,2026-08-19T08:31:07Z,MFEC,Qbert,clip,43,100000,904.632778173,4,907.0,0.04520396912899669,520.5185806653004,0.0911211261671344,0.22142594634325616,1,1375,1375,1375,0.9994939825090412,907,7.21486592,5.776071111205965,14.199036902002993,175.01417416983182,0.07488356065005064,695.1428571428571,900.0,7,0.004999999888241291,0.9073660714285714,671.566943359375,4649.166666666667,,,,,,,,,,
30v30i5d,mfec_Qbert_clip_seed44,finished,2026-08-19T08:46:55Z,MFEC,Qbert,clip,44,100000,865.715571725,4,898.0,0.0625463994060876,351.6988451597021,0.10616878964118844,0.3333333333333333,1,1575,1575,1575,0.9999992552510992,898,9.64516352,5.985900786239654,13.688755117713784,168.56179071274687,0.08902281103655696,799.3333333333334,1187.5,6,0.004999999888241291,0.3420158550396376,825.7524169921875,2537.1666666666665,,,,,,,,,,
fw39dyql,mfec_MsPacman_random_projection_seed42,finished,2026-08-19T09:06:22Z,MFEC,MsPacman,random_projection,42,100000,2997.74380395,4,1006.6,0.1469854515751595,675.2034573203987,0.13134566470508555,0.1469854515751595,5,1180,1180,1180,0.9955244812156114,5033,0.439625216,12.27462096279487,44.0301251473759,82.57595425133351,0.12608344666659832,736.5555555555555,997.7777777777778,9,0.004999999888241291,0.5795148247978437,972.9829711914062,3353.6666666666665,0.0,,,,,,,,,
njmzplpo,mfec_MsPacman_resnet_seed42,finished,2026-08-19T09:06:46Z,MFEC,MsPacman,resnet,42,100000,3831.029559641,4,1229.6,0.17264873852381984,925.5184902552356,0.3209818942552263,0.17264873852381984,5,2440,2440,2440,0.9997642668220312,6148,4.437960192,14.00244942959398,56.90523086058286,72.55209060928108,0.11154771922156216,1032.75,1702.5,4,0.004999999888241291,0.3517186250999201,1416.7571044921874,3153.8888888888887,0.0,,,,,,,,,
1mctb0mh,mfec_MsPacman_random_projection_seed43,finished,2026-08-19T09:56:34Z,MFEC,MsPacman,random_projection,43,100000,3395.163837232,4,1127.6,0.16680461944740058,1014.79095791628,0.3646283280405761,0.16680461944740058,5,2730,2730,2730,0.998779446263203,5638,0.749092352,11.22619126085192,52.64754962528435,90.4043334046491,0.10069940285757184,958.4,1678.0,5,0.004999999888241291,0.8627659574468085,1505.4177490234374,4685.777777777777,0.0,,,,,,,,,
71mxz7wg,mfec_MsPacman_resnet_seed43,finished,2026-08-19T10:11:13Z,MFEC,MsPacman,resnet,43,100000,3079.242815855,4,997.0,0.19601025298116573,943.5812928377652,0.36613337748145025,0.19601025298116573,5,2740,2740,2740,0.9996634231080548,4985,7.17837568,6.084254453890026,45.94279761353197,166.2645693996228,0.07460430776700377,799.8571428571429,1802.857142857143,7,0.004999999888241291,0.8900634249471459,1673.6830810546876,3032.8888888888887,0.0,,,,,,,,,
b61h1xg9,mfec_MsPacman_random_projection_seed44,finished,2026-08-19T10:53:41Z,MFEC,MsPacman,random_projection,44,100000,3677.861814822,4,1622.6,0.14954051796157058,1925.892117242902,0.6566079195701578,0.14954051796157058,5,4670,4670,4670,0.9935156373356432,8113,1.057827328,8.217902932781726,52.268482098984535,121.23917767248928,0.22821176098659637,731.0,1334.0,5,0.004999999888241291,0.8829712683952348,3098.951123046875,3006.8888888888887,0.0,,,,,,,,,
arfiwz7l,mfec_MsPacman_resnet_seed44,finished,2026-08-19T11:02:44Z,MFEC,MsPacman,resnet,44,100000,3792.346234971,4,989.0,0.18737220537018312,733.0908503811634,0.22164863115753353,0.18737220537018312,5,1780,1780,1780,0.9981879544579618,4945,7.188878848,17.88935318728909,59.32994466184949,56.6224673031494,0.19534090626984835,826.0,1268.0,5,0.004999999888241291,0.9095315024232632,1078.8757080078126,3509.3333333333335,0.0,,,,,,,,,
bm7202v3,mfec_MsPacman_random_projection_seed45,finished,2026-08-19T11:55:12Z,MFEC,MsPacman,random_projection,45,100000,2572.075565547,4,946.8,0.16967093836548844,1119.3733364899465,0.4173050584711707,0.16967093836548844,5,3080,3080,3080,0.999491650717552,4734,1.066315264,15.974469772074372,39.36405632374808,63.28455991710718,0.2064122841693461,813.2,2198.0,5,0.004999999888241291,0.663023679417122,1693.1061767578126,3642.444444444444,0.0,,,,,,,,,
glq3dghn,mfec_MsPacman_resnet_seed45,finished,2026-08-19T12:06:29Z,MFEC,MsPacman,resnet,45,100000,3083.674258872,4,912.4,0.20268887914657313,1009.1080363386392,0.3962343662989329,0.20268887914657313,5,2940,2940,2940,0.9999996890995184,4562,9.932016128,6.912992290686816,46.25956571033069,141.94818622983902,0.30090756388381124,809.0,2108.3333333333335,6,0.004999999888241291,0.5431192660550459,1880.893603515625,3950.222222222222,0.0,,,,,,,,,
kmo5nxyi,mfec_MsPacman_random_projection_seed46,finished,2026-08-19T12:38:20Z,MFEC,MsPacman,random_projection,46,100000,2741.60730147,4,1007.6,0.20177760134092013,719.4633253124532,0.2020829884261698,0.20177760134092013,5,1650,1650,1650,0.9999624171831126,5038,1.07475456,10.91347417421639,41.71352751036951,92.83691429623474,0.11662099603563549,830.2,1098.0,5,0.004999999888241291,0.6479049405878674,1088.8590209960937,2443.777777777778,0.0,,,,,,,,,
voj8f5lh,mfec_MsPacman_resnet_seed46,finished,2026-08-19T12:58:10Z,MFEC,MsPacman,resnet,46,100000,3410.104171013,4,1212.6,0.1764436380962853,2213.8335090129003,0.74841593546348,0.1764436380962853,5,5280,5280,5280,0.9998969272219904,6063,9.935990784,17.59112974908203,50.40774293177916,57.271470372700506,0.2886277171783149,859.8,2422.0,5,0.004999999888241291,0.854602510460251,3999.6009765625,2738.8888888888887,0.0,,,,,,,,,
62mpx1fi,mfec_Qbert_random_projection_seed42,finished,2026-08-19T13:24:15Z,MFEC,Qbert,random_projection,42,100000,2176.227134518,4,1209.6,0.3541666666666667,375.1760558540929,0.1625975276688912,0.3556272045855379,5,2325,2325,2325,0.9999354205074632,6048,0.704007168,6.751568823121488,32.09040422494679,147.73921840802475,0.1795630119740963,968.0,1890.0,5,0.004999999888241291,0.8684751335799424,1323.703369140625,2783.1666666666665,0.0,,,,,,,,,
55cgm84m,mfec_Qbert_resnet_seed42,finished,2026-08-19T13:55:34Z,MFEC,Qbert,resnet,42,100000,2115.554300258,4,767.6,0.25069480632273755,279.4457228094508,0.06666867302179653,0.25069480632273755,5,1050,1050,1050,1.0,3838,9.329891328,5.080034505110234,30.811891968649192,198.94634537029216,0.06708191009238362,642.0,882.1428571428571,7,0.004999999888241291,0.48258706467661694,536.5962341308593,2539.3333333333335,0.0,,,,,,,,,
7uabzo1l,mfec_Qbert_random_projection_seed43,finished,2026-08-19T14:00:45Z,MFEC,Qbert,random_projection,43,100000,2035.885934456,4,929.6,0.26556224899598396,119.84947043560504,0.055382925416255994,0.2681798623063683,5,900,900,900,0.999909955143488,4648,0.932480512,4.384684166871011,30.598551317032737,228.5086154915763,0.0965473079122603,722.8571428571429,714.2857142857143,7,0.004999999888241291,0.9602577873254564,281.06801452636716,4055.3333333333335,0.0,,,,,,,,,
fklesir6,mfec_Qbert_resnet_seed43,finished,2026-08-19T14:31:02Z,MFEC,Qbert,resnet,43,100000,2928.162208077,4,854.0,0.25905542544886806,274.81993423028166,0.06666867302179653,0.25905542544886806,5,1050,1050,1050,0.99999997759034,4270,8.721074688,5.138793664984405,40.96846711214942,196.13567652770297,0.08208209881559014,828.625,1037.5,8,0.004999999888241291,0.9677033492822966,476.6459442138672,3769.6666666666665,0.0,,,,,,,,,
fp4p0w38,mfec_Qbert_random_projection_seed44,finished,2026-08-19T14:35:10Z,MFEC,Qbert,random_projection,44,100000,2183.345167248,4,1079.6,0.17247128566135606,414.3876707970844,0.08359729443010736,0.17525009262689886,5,1275,1275,1275,0.9804089337309222,5398,0.9417728,16.103040718939155,31.64818036061091,62.40413957838164,0.3061271170154214,651.1428571428571,800.0,7,0.004999999888241291,0.4679802955665025,603.18935546875,4163.833333333333,0.0,,,,,,,,,
8emkh48a,mfec_Qbert_random_projection_seed45,finished,2026-08-19T15:11:51Z,MFEC,Qbert,random_projection,45,100000,3770.827767501,4,1024.8,0.267792089513401,343.238939749251,0.06478771508753978,0.27042674993494664,5,1025,1025,1025,0.999914640567825,5124,0.949518336,12.713537863921374,54.19349158656163,79.36872195929978,0.18826998583972457,763.7142857142857,585.7142857142857,7,0.004999999888241291,0.8228021978021978,621.4772766113281,3963.8333333333335,0.0,,,,,,,,,
qy1ok0fk,mfec_Qbert_resnet_seed44,finished,2026-08-19T15:21:27Z,MFEC,Qbert,resnet,44,100000,4025.225248735,4,909.0,0.26512651265126513,283.02959488538056,0.06666867302179653,0.26512651265126513,5,1050,1050,1050,0.999997490596415,4545,7.42402304,5.323553427122533,57.96494144327007,189.4620321366672,0.08122339518740773,725.625,731.25,8,0.004999999888241291,0.984225352112676,566.0618041992187,4553.166666666667,0.0,,,,,,,,,
4faiaj3k,mfec_Qbert_random_projection_seed46,finished,2026-08-19T16:15:40Z,MFEC,Qbert,random_projection,46,100000,3965.524214983,4,1114.6,0.2492373945810156,1651.3198595884512,0.3224789520807157,0.25177941264429693,5,4450,4450,4450,0.9999187484604816,5573,0.95854336,12.58159496076405,57.63163902146432,80.69412817464584,0.108299870043993,783.3333333333334,1920.8333333333333,6,0.004999999888241291,0.8041958041958042,3079.294287109375,2272.1666666666665,0.0,,,,,,,,,
xdgabe7a,mfec_Qbert_resnet_seed45,finished,2026-08-19T16:29:02Z,MFEC,Qbert,resnet,45,100000,3515.862347754,4,630.4,0.31445642978003385,230.13844803471264,0.05726388335051275,0.31445642978003385,5,925,925,925,1.0,3152,8.7419392,5.390249175950885,54.58635653696644,187.0668297177221,0.08373037213459611,599.7,852.5,10,0.004999999888241291,0.9458438287153652,621.06357421875,1401.6666666666667,0.0,,,,,,,,,
aivibdr8,mfec_Frostbite_random_projection_seed42,finished,2026-08-19T17:22:51Z,MFEC,Frostbite,random_projection,42,100000,3091.999514276,4,542.2,0.05602688634780114,91.32350555612834,0.031572783698325335,0.05602688634780114,5,250,200,100,0.952772544276511,2711,1.284143104,8.155960057396442,48.23561194188272,124.07548024109134,0.09708073688670991,569.25,205.0,8,0.004999999888241291,0.5147997678467788,115.49822845458984,2837.0,61.64413833618164,,,,,,,,,
kcbiu48h,mfec_Qbert_resnet_seed46,finished,2026-08-19T17:28:29Z,MFEC,Qbert,resnet,46,100000,2066.583218503,4,605.6,0.3505063848524879,259.29782700819106,0.06102579921902627,0.3505063848524879,5,975,975,975,0.9999343582230116,3028,6.630637056,9.18560321815312,31.290183118334973,110.16687933770385,0.1093864026479423,564.0,827.7777777777778,9,0.004999999888241291,0.9666048237476808,653.807275390625,1794.5,0.0,,,,,,,,,
w3chhbol,mfec_Frostbite_resnet_seed42,finished,2026-08-19T18:03:11Z,MFEC,Frostbite,resnet,42,100000,2466.626982161,4,490.2,0.0525182465206945,85.86156727405876,0.02876215013467619,0.0525182465206945,5,210,188,180,0.9398791894694472,2451,11.223374336,8.74966031499207,37.26295334931929,115.93368857281529,0.08297506999224424,466.0,162.0,10,0.004999999888241291,0.3972602739726027,95.74627075195312,3072.222222222222,13.03840446472168,,,,,,,,,
f7a7picx,mfec_Frostbite_random_projection_seed43,finished,2026-08-19T18:14:59Z,MFEC,Frostbite,random_projection,43,100000,2340.856710732,4,528.8,0.041750714405782485,77.55125637840241,0.03250966155287505,0.041750714405782485,5,240,204,140,0.9560793371139086,2644,1.610246144,8.301606946159154,35.40927510150553,122.04627298840468,0.08865336189046502,517.1666666666666,195.83333333333337,12,0.004999999888241291,0.19383561643835617,105.43536987304688,2850.9444444444443,41.59326934814453,,,,,,,,,
qapdd5gc,mfec_Frostbite_resnet_seed43,finished,2026-08-19T18:45:04Z,MFEC,Frostbite,resnet,43,100000,2711.130873367,4,689.2,0.017185787063906624,116.65340841479944,0.10699145098957724,0.017185787063906624,5,810,522,60,0.2564921931218129,3446,13.695976448,14.408480484038591,39.877906071247224,70.3229524679029,0.15291041415184736,446.0,190.9090909090909,11,0.004999999888241291,0.7951699463327371,389.9133575439453,3231.0555555555557,394.9303588867187,,,,,,,,,
7em29xa5,mfec_Frostbite_random_projection_seed44,finished,2026-08-19T18:54:20Z,MFEC,Frostbite,random_projection,44,100000,2585.903614828,4,672.0,0.049107142857142856,327.3032031762464,0.10933364562595152,0.049107142857142856,5,760,532,180,0.972256556879752,3360,1.614467072,12.063669505063444,40.43800524733184,83.96041690443546,0.13255387917160988,586.7,302.0,10,0.004999999888241291,0.24293405114401076,238.17560424804688,2794.3333333333335,312.28192138671875,,,,,,,,,
pzcq7yja,mfec_Frostbite_resnet_seed44,finished,2026-08-19T19:30:28Z,MFEC,Frostbite,resnet,44,100000,5906.877766931,4,640.4,0.04146713859393435,820.9775678563067,0.11354959597142522,0.04146713859393435,5,1410,550,100,0.956849173044832,3202,13.704933888,9.014502675738186,96.16361011882158,112.57762416950202,0.08144341083243489,726.5,666.6666666666666,6,0.004999999888241291,0.012584704743465637,896.1988830566406,3059.277777777778,618.9103393554688,,,,,,,,,
7ppmtknx,mfec_Frostbite_random_projection_seed45,finished,2026-08-19T19:38:01Z,MFEC,Frostbite,random_projection,45,100000,2769.59854788,4,501.4,0.044918672162389754,87.09886678847413,0.024077760861927627,0.044918672162389754,5,230,168,50,0.8461189903747338,2507,1.627067904,12.778442597016692,41.55648365218658,79.40205633334365,0.11794884782284498,523.3333333333334,186.66666666666663,9,0.004999999888241291,0.6716981132075471,107.51455688476562,2945.1111111111113,72.24956512451172,,,,,,,,,
8p5uwvuk,mfec_Frostbite_random_projection_seed46,finished,2026-08-19T20:24:45Z,MFEC,Frostbite,random_projection,46,100000,2478.63434297,4,468.2,0.04848355403673644,75.19378246344179,0.02454619978920248,0.04848355403673644,5,220,170,50,0.7691825547861801,2341,1.635550208,18.808087815064937,38.86302536827667,53.84203791002718,0.2105088010430336,504.1,182.0,10,0.004999999888241291,0.26979166666666665,87.490234375,2644.3333333333335,71.0633544921875,,,,,,,,,
u9nhk3kw,mfec_Frostbite_resnet_seed45,finished,2026-08-19T21:09:12Z,MFEC,Frostbite,resnet,45,100000,1578.186015844,4,511.4,0.05970538391344023,64.52589799045893,0.031572783698325335,0.05970538391344023,5,230,200,130,0.907218482597404,2557,13.73979648,8.558242688886821,24.428613641431244,118.38908062784748,0.09120364999398588,538.4444444444445,204.44444444444449,9,0.004999999888241291,0.0066555740432612314,92.61541442871092,2735.5555555555557,44.72135925292969,,,,,,,,,
ljf5byo7,mfec_Frostbite_resnet_seed46,finished,2026-08-19T21:35:52Z,MFEC,Frostbite,resnet,46,100000,12431.904974814,4,1337.0,0.04618964514252472,761.1872644184172,0.3796229066635437,0.04618964514252472,5,2050,1686,230,0.8159818183457015,6685,13.724530688,11.704921880736949,193.4740271199805,86.97426387777493,0.06867589801549911,943.0,873.3333333333334,3,0.004999999888241291,0.8652373660030628,464.0483032226563,2689.777777777778,813.9287719726562,,,,,,,,,
n3boux4y,mfec_MsPacman_dinov2_seed42,finished,2026-08-20T08:43:52Z,MFEC,MsPacman,dinov2,42,100000,2201.316949956,4,1030.6,0.0,995.6885183043174,0.4052646629441777,0.20954352372943488,5,3000,3000,3000,0.999927810676141,5153,4.52474112,6.475890595000237,33.308431882069755,156.09747952099426,0.08411282813176513,871.1428571428571,1697.142857142857,7,0.004999999888241291,0.8066595059076263,1822.5767578125,2738.0,0.0,,,,,,,,,
q3wdfa6f,mfec_MsPacman_dinov2_seed43,finished,2026-08-20T09:20:52Z,MFEC,MsPacman,dinov2,43,100000,2038.537216653,4,1030.0,0.0,806.6481214389502,0.29088090543774364,0.1925566343042071,5,2240,2240,2240,0.9998395600427592,5150,6.8493184,7.030169030185789,30.555820474564097,143.32818627979785,0.11427357094362378,756.5,1325.0,8,0.004999999888241291,0.6455047318611987,1218.0017578125,3570.222222222222,0.0,,,,,,,,,
ddn1po0n,mfec_MsPacman_dinov2_seed44,finished,2026-08-20T09:55:04Z,MFEC,MsPacman,dinov2,44,100000,2494.831453689,4,1359.0,0.0,1106.246882182152,0.4308505034390379,0.15949636170386722,5,3170,3170,3170,0.9995594326414632,6795,6.859764736,6.386861519888043,37.09829552556233,158.0416916964675,0.0924414349719882,756.0,1068.0,5,0.004999999888241291,0.9453924914675768,1644.364501953125,3652.444444444444,0.0,,,,,,,,,
dved5d3z,mfec_MsPacman_dinov2_seed45,finished,2026-08-20T10:36:56Z,MFEC,MsPacman,dinov2,45,100000,2181.958257163,4,1190.0,0.0,742.4268903636141,0.28787080655599534,0.17025210084033612,5,2220,2220,2220,0.9991693945083988,5950,9.182056448,6.420527847018093,32.38446522318603,157.7678491988654,0.07002143282443285,854.0,1530.0,6,0.004999999888241291,0.37737407101568954,968.4636108398438,3040.5555555555557,0.0,,,,,,,,,
8xujh6eq,mfec_MsPacman_dinov2_seed46,finished,2026-08-20T11:13:49Z,MFEC,MsPacman,dinov2,46,100000,2198.548180942,4,1122.4,0.0,1337.2570196715374,0.4699817889017654,0.1816345925397957,5,3430,3430,3430,0.9999364712816337,5612,6.880105472,6.485556091181934,32.93503643748506,155.58620657232024,0.0960042062215507,807.6,1754.0,5,0.004999999888241291,0.8514851485148515,2236.946240234375,3120.1111111111113,0.0,,,,,,,,,
89w4s3li,mfec_Qbert_dinov2_seed42,finished,2026-08-20T11:50:41Z,MFEC,Qbert,dinov2,42,100000,1784.348513257,4,897.6,0.0,125.48691417747712,0.03657334607368841,0.2900326797385621,5,650,650,650,1.0,4488,8.73970176,6.072325405199081,26.828965884268595,165.82754465694867,0.10276451800018548,672.375,487.5,8,0.004999999888241291,0.85003885003885,279.7638458251953,3575.0,0.0,,,,,,,,,
0iystth3,mfec_Qbert_dinov2_seed43,finished,2026-08-20T12:20:44Z,MFEC,Qbert,dinov2,43,100000,1350.636242474,4,689.0,0.0,257.46937946805696,0.06290675715328302,0.3011611030478955,5,1000,1000,1000,0.9984813421290222,3445,8.284852224,5.6123200240544975,20.25886883198594,179.85349717235138,0.08120284928008914,611.5,878.125,8,0.004999999888241291,0.9572845156369184,622.577685546875,1764.8333333333333,0.0,,,,,,,,,
lbo501v4,mfec_Qbert_dinov2_seed44,finished,2026-08-20T12:43:28Z,MFEC,Qbert,dinov2,44,100000,1753.091599686,4,925.0,0.0,373.3259538493171,0.09300208410139114,0.2621981981981982,5,1400,1400,1400,0.999999538877682,4625,8.294933504,5.721161929890513,26.24580661665338,175.9837396214265,0.09755747113376856,732.5,1081.25,8,0.004999999888241291,0.15,589.6204895019531,3699.1666666666665,0.0,,,,,,,,,
yqtk6whs,mfec_Qbert_dinov2_seed45,finished,2026-08-20T13:12:54Z,MFEC,Qbert,dinov2,45,100000,1940.351659211,4,1139.0,0.0,310.80253704522204,0.09676399996990466,0.30313140181445714,5,1450,1450,1450,0.9998408097298196,5695,8.310959616,5.629564022645354,28.749043647300763,178.73004201365347,0.0997470011934638,717.4444444444445,752.7777777777778,9,0.004999999888241291,0.856766719325961,862.0077026367187,3124.8333333333335,0.0,,,,,,,,,
q3cx4yxu,mfec_Qbert_dinov2_seed46,finished,2026-08-20T13:45:28Z,MFEC,Qbert,dinov2,46,100000,1387.710226438,4,816.4,0.0,342.50310386053343,0.049740051613485714,0.21308998856769557,5,825,825,825,0.9955562395369442,4082,8.322935808,5.497070620302111,20.51281498648071,182.98788624457887,0.09892822429537772,737.3333333333334,779.1666666666666,6,0.004999999888241291,0.631578947368421,388.0020385742188,1968.3333333333333,0.0,,,,,,,,,
uuify31q,mfec_Frostbite_dinov2_seed42,finished,2026-08-20T14:08:53Z,MFEC,Frostbite,dinov2,42,100000,1808.670489188,4,498.2,0.0,70.79869017650091,0.03532029511652419,0.09817565457870556,5,240,216,120,0.9515314776908628,2491,8.331519488,9.162209587637337,27.941435210631848,110.46689319898503,0.10753603791818024,438.3636363636364,157.27272727272728,11,0.004999999888241291,0.4129301355578728,115.40731353759766,2534.277777777778,53.66563034057617,,,,,,,,,
a8zm73sd,mfec_Frostbite_dinov2_seed43,finished,2026-08-20T14:39:14Z,MFEC,Frostbite,dinov2,43,100000,1815.547976891,4,481.4,0.0,69.37137735996512,0.02923058906195105,0.05634030374371048,5,210,190,140,0.8897098925312373,2407,12.04915968,9.002083326224238,28.16466914891886,112.78014221642272,0.07752927113324404,478.1818181818182,186.36363636363637,11,0.004999999888241291,0.9281729428172942,129.54651794433593,2619.4444444444443,30.82206916809082,,,,,,,,,
58vuzcin,mfec_Frostbite_dinov2_seed44,finished,2026-08-20T15:09:46Z,MFEC,Frostbite,dinov2,44,100000,1992.583181183,4,508.8,0.0,59.46955517920044,0.029699027989225905,0.04229996505939902,5,220,192,140,0.8506912538080372,2544,8.350516736,9.21648656576872,31.057383687087956,109.839931454306,0.10617038095369936,488.1,146.0,10,0.004999999888241291,0.7038789025543992,95.7421890258789,2865.4444444444443,33.466400146484375,,,,,,,,,
44qa7fvz,mfec_Frostbite_dinov2_seed45,finished,2026-08-20T15:43:12Z,MFEC,Frostbite,dinov2,45,100000,1920.563544337,4,542.0,0.0,57.205172139320425,0.04234687902564704,0.08646986469864698,5,250,246,230,0.9923433942138504,2710,12.06876928,9.245002183597537,29.719507873632633,109.53907672168046,0.10325992200523616,482.1,188.0,10,0.004999999888241291,0.21334792122538293,108.2354461669922,2608.222222222222,8.9442720413208,,,,,,,,,
sgsng4rn,mfec_Frostbite_dinov2_seed46,finished,2026-08-20T16:15:26Z,MFEC,Frostbite,dinov2,46,100000,4517.930356122,4,553.6,0.0,85.24002771492523,0.03485185618924933,0.0515815671162492,5,250,214,150,0.9727761285379236,2768,12.07782912,9.31853323429823,72.69822550508349,108.62670910311218,0.10824594786390662,530.1111111111111,168.88888888888889,9,0.004999999888241291,0.5227670753064798,113.48348693847656,2813.3333333333335,49.799598693847656,,,,,,,,,
y84n5idq,mfec_MsPacman_clip_seed42,finished,2026-08-20T21:11:58Z,MFEC,MsPacman,clip,42,100000,11706.054544664,4,1418.8,0.03550731447545657,1159.4200207579077,0.4248303056755414,0.1570027879585252,5,3130,3130,3130,0.9997414085684152,7094,4.73341184,52.44906235486269,171.41819388313064,19.265584744667983,0.7027113167569041,709.3333333333334,825.5555555555555,9,0.004999999888241291,0.43483762125685366,1387.751416015625,3976.222222222222,0.0,,,,,,,,,
bs0qjcut,mfec_MsPacman_mae_seed42,finished,2026-08-20T21:12:19Z,MFEC,MsPacman,mae,42,100000,11950.330040958,4,1146.6,0.0009690485880962072,1345.5980064760072,0.4925575305148774,0.10248657867705488,5,3580,3580,3580,0.995700212136602,5733,5.674514432,76.61256589181721,176.8226938526612,13.30061744508764,0.3763411440886557,891.6,2002.0,5,0.004999999888241291,0.16206261510128914,1450.7647705078125,4656.666666666667,0.0,,,,,,,,,
4j3vnklo,mfec_MsPacman_clip_seed43,finished,2026-08-21T00:29:05Z,MFEC,MsPacman,clip,43,100000,12829.808124819,4,1289.0,0.03996207223515214,1241.4357122941626,0.500082777719248,0.17501939487975174,5,3630,3630,3630,0.999716201806416,6445,7.785811456,35.00992457708344,202.3764841569976,29.023370418332895,0.2719873869791627,771.6666666666666,1696.6666666666667,6,0.004999999888241291,0.8312912346842601,2256.3480224609375,3138.0,0.0,,,,,,,,,
62ozrhp3,mfec_MsPacman_mae_seed43,finished,2026-08-21T00:32:07Z,MFEC,MsPacman,mae,43,100000,12895.477885609,4,902.2,0.0017241803985319835,1086.231279217553,0.612961485784808,0.1675903347373088,5,4380,4380,4380,0.9998917231004452,4511,9.640510976,42.981639442034066,207.23106213819705,23.59919385468455,0.4096732572652399,867.3333333333334,3991.6666666666665,6,0.004999999888241291,0.8109010011123471,1661.9433349609376,4624.0,0.0,,,,,,,,,
4npomigr,mfec_MsPacman_clip_seed44,finished,2026-08-21T04:03:48Z,MFEC,MsPacman,clip,44,100000,6548.299005701,4,1043.4,0.049900964794581816,1755.8448444050532,0.668648315097151,0.19700551615445233,5,4750,4750,4750,0.9999986471711,5217,10.831079424,20.107445183210075,97.76322304356532,50.724058411387034,0.08021392906084657,1002.2,3378.0,5,0.004999999888241291,0.9500471253534402,3147.0833251953127,3240.222222222222,0.0,,,,,,,,,
yfbqiw15,mfec_MsPacman_mae_seed44,finished,2026-08-21T04:07:35Z,MFEC,MsPacman,mae,44,100000,6414.604768148,4,876.4,0.003676657031289619,1236.968421908721,0.5076080249236187,0.213753232922562,5,3680,3680,3680,0.999999526052442,4382,13.59670528,44.823362805880606,96.57010227558204,22.63931760015183,0.40768249705433846,811.3333333333334,2391.6666666666665,6,0.004999999888241291,0.7837168141592921,2090.2631591796876,3240.5555555555557,0.0,,,,,,,,,
c3mebbls,mfec_MsPacman_mae_seed45,finished,2026-08-21T05:55:05Z,MFEC,MsPacman,mae,45,100000,6939.006494993,4,1527.2,0.0010913218089750303,1493.5178625975198,0.5738302003220805,0.1358622897386648,5,4120,4120,4120,0.9997658155645944,7636,13.331066368,10.79808501387015,101.33156465108816,93.99644008324404,0.0959445801563561,839.6666666666666,2483.3333333333335,6,0.004999999888241291,0.9397697077059344,2344.392578125,2907.6666666666665,0.0,,,,,,,,,
0ln5b1tf,mfec_MsPacman_clip_seed45,finished,2026-08-21T07:36:09Z,MFEC,MsPacman,clip,45,100000,5985.713887215,4,1021.6,0.05090054815974941,388.34172773178943,0.15994160408169408,0.213804054641956,5,1370,1370,1370,1.0,5108,4.734543872,6.757110774982721,90.01473320211905,149.14838740235788,0.10853502806276084,805.1666666666666,796.6666666666666,6,0.004999999888241291,0.7670858392564243,839.6415161132812,3405.6666666666665,0.0,,,,,,,,,
z2y3jni5,mfec_MsPacman_mae_seed46,finished,2026-08-21T07:51:29Z,MFEC,MsPacman,mae,46,100000,6593.440828213,4,1146.2,0.002811221621202427,849.728940604407,0.37516367412669505,0.15934779658388104,5,2800,2800,2800,0.9999070859249805,5731,9.736296448,7.828338453080505,98.41594805788094,129.09988962826455,0.10350411431863904,1070.6,2306.0,5,0.004999999888241291,0.5594202898550724,1401.7210205078125,4563.777777777777,0.0,,,,,,,,,
g0ans3ok,mfec_MsPacman_clip_seed46,finished,2026-08-21T09:16:44Z,MFEC,MsPacman,clip,46,100000,6353.289121116,4,1348.2,0.03611399561555325,852.129180964885,0.3330222897822193,0.1605267929255468,5,2520,2520,2520,0.999984444836059,6741,7.786108928,17.179585685022175,93.98576945958968,59.33920547069459,0.07713340781629086,681.7142857142857,910.0,7,0.004999999888241291,0.5466970387243736,1258.0685546875,3850.0,0.0,,,,,,,,,
c954k3d2,mfec_Qbert_mae_seed42,finished,2026-08-21T09:41:47Z,MFEC,Qbert,mae,42,100000,5314.521746619,4,896.6,0.0016729868391701986,335.0274247849645,0.07419250475882358,0.19555357275633875,5,1150,1150,1150,0.9996844537628212,4483,12.712628736,6.87218019599095,81.46547698358384,146.78253365490642,0.104126688092947,735.6666666666666,779.1666666666666,6,0.004999999888241291,0.8229007633587786,496.12572021484374,5689.166666666667,0.0,,,,,,,,,
da7lz9qk,mfec_Qbert_clip_seed45,finished,2026-08-21T11:03:07Z,MFEC,Qbert,clip,45,100000,3953.018203383,4,836.6,0.06992589050920392,271.0902290760059,0.07043058889031005,0.36273806677822934,5,1100,1100,1100,0.9989092780002216,4183,7.17490688,26.92115896102041,60.79002327076935,37.91199915389423,0.08875934593379498,588.25,665.625,8,0.004999999888241291,0.9702627939142462,716.94423828125,1720.8333333333333,0.0,,,,,,,,,
y9ngubfp,mfec_Qbert_mae_seed43,finished,2026-08-21T11:10:40Z,MFEC,Qbert,mae,43,100000,5037.981646927,4,875.2,0.0022851919561243145,307.45057704329827,0.08924016823287763,0.22989031078610603,5,1350,1350,1350,0.9985848661483072,4376,11.793048064,18.964115099981427,73.17316765345167,53.14205662487818,0.3049923647195101,778.1428571428571,1228.571428571429,7,0.004999999888241291,0.9893617021276596,491.8239440917969,4876.0,0.0,,,,,,,,,
n0ofkjng,mfec_Qbert_clip_seed46,finished,2026-08-21T12:11:43Z,MFEC,Qbert,clip,46,100000,5990.979164241,4,974.2,0.0450283993704236,319.9190719007971,0.08924016823287763,0.25747621980428387,5,1350,1350,1350,0.999981586158973,4871,9.608926208,7.522170439828187,86.03166039053662,132.55910565372832,0.2026855400763452,694.1666666666666,958.3333333333334,6,0.004999999888241291,0.9619289340101524,677.6935424804688,3145.6666666666665,0.0,,,,,,,,,
hqnxty9z,mfec_Qbert_mae_seed44,finished,2026-08-21T12:35:22Z,MFEC,Qbert,mae,44,100000,6275.890750524,4,1306.4,0.001403347621963666,477.5632282180635,0.13438315865503983,0.2847775056133905,5,1950,1950,1950,0.9996741797373372,6532,11.800943616,11.9739047777839,92.3731007551464,84.83393123794637,0.09673706395551562,1019.6666666666666,1608.3333333333333,3,0.004999999888241291,0.9761742682096664,1188.4920776367187,2098.0,0.0,,,,,,,,,
5sybgep6,mfec_Frostbite_clip_seed45,finished,2026-08-21T13:52:16Z,MFEC,Frostbite,clip,45,100000,6307.300285186,4,619.4,0.010565780504430812,62.23330081848531,0.03719405082562361,0.07756610339755318,5,230,224,200,0.9981555829370392,3097,12.085691392,16.471253601834178,93.3952563515554,61.3846149759773,0.210450769867748,529.5,197.5,8,0.004999999888241291,0.9215384615384616,98.1789764404297,2370.1666666666665,13.416407585144045,,,,,,,,,
wpz6t3ey,mfec_Qbert_mae_seed45,finished,2026-08-21T14:20:55Z,MFEC,Qbert,mae,45,100000,5545.932346097,4,1173.2,0.0021309239686327992,617.6859299211762,0.12497836898375604,0.16192180929651095,5,1825,1825,1825,0.999657909475902,5866,11.81209344,7.638729762751609,77.20861889701337,132.77279343971608,0.07369364472106099,680.1666666666666,1000.0,6,0.004999999888241291,0.8894035900405327,564.3860961914063,6545.5,0.0,,,,,,,,,
8q3u7rmu,mfec_Frostbite_clip_seed46,finished,2026-08-21T15:37:45Z,MFEC,Frostbite,clip,46,100000,5675.912967597,4,493.0,0.010187063331079558,54.865647399893035,0.0222040051528282,0.06346630606265495,5,180,160,130,0.8752693252914537,2465,14.564294144,9.57583588268608,88.73716752974627,105.96312796103176,0.08790300181135535,442.09090909090907,125.45454545454544,11,0.004999999888241291,0.7630331753554502,103.1823516845703,2838.8333333333335,21.21320343017578,,,,,,,,,
j7vs3ncf,mfec_Qbert_mae_seed46,finished,2026-08-21T15:53:59Z,MFEC,Qbert,mae,46,100000,4227.810868437,4,788.2,0.0023259747948913135,473.1423882652966,0.07983537856159384,0.22206715723589612,5,1225,1225,1225,0.9994344182426336,3941,11.817584128,7.753688247874379,61.522576924584186,130.46940503807303,0.09489510161802173,687.875,837.5,8,0.004999999888241291,0.9591078066914498,643.9137939453125,4765.833333333333,0.0,,,,,,,,,
keok447b,mfec_Frostbite_mae_seed42,finished,2026-08-21T17:05:12Z,MFEC,Frostbite,mae,42,100000,3769.188826201,4,538.0,0.0006402313093762908,815.5402101434057,0.0578053636257173,0.03137133415943825,5,1320,312,30,0.964891836453772,2690,12.5161472,11.826200476847587,58.7796602566028,86.05859954690484,0.07266849605366588,882.6,684.0,5,0.004999999888241291,0.6013071895424836,709.5871948242187,2800.9444444444443,563.7552490234375,,,,,,,,,
qm6hylc6,mfec_Frostbite_mae_seed43,finished,2026-08-21T18:08:29Z,MFEC,Frostbite,mae,43,100000,3324.239102156,4,535.4,0.0003527995683393517,549.7683947847854,0.05218409649841902,0.03276885402399037,5,880,288,80,0.9074922334371645,2677,19.254587904,10.858568035066128,49.56735805858237,93.36757576492222,0.10883677983656526,501.125,210.0,8,0.004999999888241291,0.05541561712846347,321.0335662841797,2794.3888888888887,332.74615478515625,,,,,,,,,
6r9fp71f,mfec_Frostbite_mae_seed44,finished,2026-08-21T19:04:29Z,MFEC,Frostbite,mae,44,100000,3643.69571599,4,623.4,0.0007129362278544184,1119.792790654066,0.17163602295350744,0.0470181442269989,5,1780,798,120,0.9531583036801088,3117,19.245636096,11.25940128415823,54.77055095812927,90.27705431015376,0.08345884596928954,607.7142857142857,611.4285714285714,7,0.004999999888241291,0.6811440677966102,779.9669799804688,2825.3888888888887,896.6158447265625,,,,,,,,,
kru9uxfk,mfec_Frostbite_mae_seed45,finished,2026-08-21T20:05:43Z,MFEC,Frostbite,mae,45,100000,3420.566580871,4,528.6,0.0005465170050868121,80.27688049714186,0.031104344771050476,0.044562155799386216,5,230,198,120,0.9187870509086106,2643,19.255826944,19.0195034109056,53.71215138958457,53.60210417003379,0.08422424783930182,506.42857142857144,165.71428571428572,7,0.004999999888241291,0.6820512820512821,92.23260192871092,2368.3888888888887,48.68264389038086,,,,,,,,,
8jclfo1w,mfec_Frostbite_mae_seed46,finished,2026-08-21T21:03:43Z,MFEC,Frostbite,mae,46,100000,3110.311657092,4,821.2,0.0005682740704659847,625.1506442661464,0.19177889682632623,0.04471775721166856,5,1400,884,110,0.9504001203444736,4106,19.334350336,10.341011879965665,45.79183135460286,98.32277873060478,0.07366530084982514,481.1,199.0,10,0.004999999888241291,0.10615711252653928,334.5433349609375,2843.0555555555557,706.5620727539062,,,,,,,,,
15axelv0,mfec_Frostbite_clip_seed42,finished,2026-08-24T11:37:39Z,MFEC,Frostbite,clip,42,100000,1953.60529099,4,560.2,0.008865881232893015,75.0195840850651,0.036725611898348755,0.06640485540878258,5,230,222,220,0.9839825986606632,2801,6.58220544,9.503035859204829,29.953661971438365,106.48904401543844,0.11297684395685792,529.8,191.0,10,0.004999999888241291,0.6994601079784043,108.93590087890624,2511.1111111111113,4.4721360206604,,,,,,,,,
04w3hh1d,mfec_Frostbite_clip_seed43,finished,2026-08-24T12:10:30Z,MFEC,Frostbite,clip,43,100000,2095.969253352,4,647.2,0.007159044087350639,116.86623658494732,0.031572783698325335,0.05275717621205878,5,220,200,120,0.9266974844729866,3236,11.490315264,8.904074843972921,32.015006069272445,113.74211388783056,0.09874710999429226,551.8181818181819,181.8181818181818,11,0.004999999888241291,0.5039539899352984,143.87660217285156,3216.3888888888887,44.72135925292969,,,,,,,,,
zoiy5hgn,mfec_Frostbite_clip_seed44,finished,2026-08-24T12:45:39Z,MFEC,Frostbite,clip,44,100000,1928.731066579,4,516.2,0.004261913986826811,84.0388006718696,0.031104344771050476,0.030048646088940548,5,240,198,110,0.7855427758931864,2581,16.381935616,8.874855130910873,29.66977048378127,113.69046872706724,0.13205645512789488,526.5454545454545,205.45454545454547,11,0.004999999888241291,0.140485312899106,98.14612884521485,3096.6111111111113,51.185935974121094,,,,,,,,,
tn35jyvg,nec_mspacman_resnet_seed42,finished,2026-08-25T07:27:32Z,NEC,MsPacman,resnet,42,100000,1744.278501549,8,535.8,,,0.03231341149556763,,5,870,522,400,0.5451267683888118,2679,2.839258624,3.673876950982958,25.89366906355135,177.3252310207656,5.3490916970185935,601.25,1261.25,8,0.0010000000474974513,,110.39559936523438,,195.75494384765625,0.18244540994933356,0.0,0.02534667639286074,0.004999999888241291,0.25668896321070234,53084.0,8919.0,7682.4892578125,100.0
rhee6cxz,nec_mspacman_resnet_seed43,finished,2026-08-25T07:57:24Z,NEC,MsPacman,resnet,43,100000,1724.712222037,8,725.8,,,0.13315172403413453,,5,1590,1192,810,0.6796773858164277,3629,3.480086016,4.2721099010668695,26.79646656675419,148.75007480208373,6.484187210910022,697.5,1090.0,6,0.0010000000474974513,,119.50546264648438,,354.8520812988281,0.16302915897671705,0.0,0.02839777312608452,0.004999999888241291,0.2286514232384508,53800.0,8620.333333333334,5582.8154296875,100.0
svcgc5pf,nec_mspacman_resnet_seed44,finished,2026-08-25T08:26:33Z,NEC,MsPacman,resnet,44,100000,1344.633870325,8,787.2,,,0.09040831991330917,,5,1320,908,420,0.7839535906916731,3936,4.020232192,3.6931968200951815,19.279265635615836,169.41478358870782,5.751079329289496,636.5,1020.0,8,0.0010000000474974513,,98.59577941894533,,325.1461181640625,0.13862422663668406,0.0,0.026265539559232817,0.004999999888241291,0.0,55708.0,8799.444444444445,4148.265625,100.0
47r545ht,nec_mspacman_resnet_seed45,finished,2026-08-25T08:49:28Z,NEC,MsPacman,resnet,45,100000,1233.326108805,8,655.6,,,0.09251538913053296,,5,1330,922,770,0.6236049719358312,3278,4.137591296,5.2698116158135235,18.656357151828708,138.250110134916,6.303416054230183,642.625,1007.5,8,0.0010000000474974513,,104.07099151611328,,243.9672088623047,0.10941762869601698,0.0,0.028137801255270385,0.004999999888241291,0.0678391959798995,53721.0,8341.666666666666,1902.1942138671875,100.0
1a51tewg,nec_mspacman_resnet_seed46,finished,2026-08-25T09:10:34Z,NEC,MsPacman,resnet,46,100000,1261.391943057,8,489.2,,,0.022079075297623523,,5,540,454,380,0.09950208385485548,2446,3.534375936,3.998688781633973,19.295900526751453,161.7274730868955,5.8944973880425096,662.875,985.0,8,0.0010000000474974513,,102.78488159179688,,56.83308792114258,0.13183325535444398,0.0,0.02645640551419141,0.004999999888241291,0.42167721518987344,55270.0,8710.888888888889,3599.4482421875,100.0
814qxmj0,nec_qbert_resnet_seed42,finished,2026-08-25T09:32:00Z,NEC,Qbert,resnet,42,100000,1008.244506108,8,413.2,,,0.03883049559479652,,5,700,680,675,0.960908269735462,2066,4.136282624,3.7091754591092463,15.4188687645675,171.03397604022646,5.645690965931863,414.27272727272725,693.1818181818181,11,0.0010000000474974513,,85.55989837646484,,11.180339813232422,0.07353418061155712,0.0,0.03411648511524766,0.004999999888241291,0.15668580803937654,42123.0,10792.333333333334,1047.8824462890625,100.0
pyhletkx,nec_qbert_resnet_seed43,finished,2026-08-25T09:49:14Z,NEC,Qbert,resnet,43,100000,969.441225587,8,408.6,,,0.03770192083424247,,5,675,665,625,0.9878382225092356,2043,4.110828032,3.849552023690194,14.792411522986368,169.47113966131988,5.591583518311381,435.7692307692308,690.3846153846154,13,0.0010000000474974513,,85.56861114501953,,22.360679626464844,0.09937851187002796,0.0,0.03734838079280032,0.004999999888241291,0.4230310262529833,46994.0,11763.666666666666,1709.106689453125,100.0
c1v7hm5r,nec_qbert_resnet_seed44,finished,2026-08-25T10:05:50Z,NEC,Qbert,resnet,44,100000,1022.642763107,8,422.4,,,0.040335261942201925,,5,700,700,700,0.9609845891792778,2112,3.547206656,3.9488887418992817,15.70519074461578,163.2814423465864,5.850142776966095,539.625,659.375,8,0.0010000000474974513,,79.98428344726562,,0.0,0.11422996998016696,0.0,0.03731655858802807,0.004999999888241291,0.7034977993977299,48170.0,11667.5,2632.958740234375,100.0
jl4uswld,nec_qbert_resnet_seed45,finished,2026-08-25T10:23:22Z,NEC,Qbert,resnet,45,100000,975.432727701,8,352.2,,,0.014001850862607308,,5,350,350,350,0.49397958283359705,1761,4.146952192,3.5453210873529315,15.046807771602955,177.31002792219027,5.4784212172962725,438.8,712.5,10,0.0010000000474974513,,82.44451141357422,,0.0,0.10943506885892527,0.0,0.031146679257968036,0.004999999888241291,0.011542497376705142,41438.0,10593.5,1822.660400390625,100.0
dwwihomr,nec_qbert_resnet_seed46,finished,2026-08-25T10:40:02Z,NEC,Qbert,resnet,46,100000,1019.593626436,8,383.4,,,0.03469238813943165,,5,625,625,625,0.970496694706521,1917,4.0642688,3.565491679124534,15.633475681301206,174.5800597495008,5.599357973784208,533.8,720.0,5,0.0010000000474974513,,76.362060546875,,0.0,0.1260483018837583,0.0,0.02770207754307634,0.004999999888241291,0.1166077738515901,48789.0,11989.5,2335.98828125,100.0
gk0ch91o,nec_frostbite_resnet_seed42,finished,2026-08-25T10:57:27Z,NEC,Frostbite,resnet,42,100000,1265.638800253,8,671.4,,,0.23534371706288792,,5,1340,1070,880,0.7670909662140583,3357,4.3448064,4.255287129897624,18.69859695750444,152.78113811306383,6.217209801077843,692.5555555555555,982.2222222222222,9,0.0010000000474974513,,83.52556610107422,,188.41444396972656,0.14634629637136726,0.0,0.03214805026058752,0.004999999888241291,0.2020400156924284,66649.0,5175.666666666667,1670.537109375,100.0
tomb7quo,nec_frostbite_resnet_seed43,finished,2026-08-25T11:18:56Z,NEC,Frostbite,resnet,43,100000,1043.437644281,8,492.0,,,0.03532029511652419,,5,230,216,190,0.9406691629540302,2460,3.781415424,4.065078172832727,16.075388381645705,156.9654690907287,6.1282465709373355,452.8181818181818,201.8181818181818,11,0.0010000000474974513,,30.276723861694336,,19.493589401245117,0.08003079295917662,0.0,0.03699428891673072,0.004999999888241291,0.24004085801838612,67264.0,4966.333333333333,39.01261520385742,100.0
rubcp6ot,nec_frostbite_resnet_seed44,finished,2026-08-25T11:36:39Z,NEC,Frostbite,resnet,44,100000,1174.253905747,8,700.6,,,0.29108794940859584,,5,2110,1308,860,0.7345107198978599,3503,4.542761984,3.669069882947952,17.323823973862453,165.8281175932761,5.979474786203355,585.625,877.5,8,0.0010000000474974513,,93.20519256591795,,477.3572998046875,0.18202185396276505,0.0,0.03113274999466485,0.004999999888241291,0.0,65703.0,5203.388888888889,1759.727783203125,100.0
csg50r1y,nec_frostbite_resnet_seed45,finished,2026-08-25T11:56:41Z,NEC,Frostbite,resnet,45,100000,1125.834576052,8,500.6,,,0.08216418784400983,,5,1430,416,150,0.937339784291048,2503,3.817336832,3.829612742178142,17.139727477752604,155.89172640159012,6.433921038173139,592.6666666666666,633.3333333333334,6,0.0010000000474974513,,54.217411041259766,,566.947998046875,0.10889259146096246,0.0,0.033804607646622575,0.004999999888241291,0.0,67187.0,5090.666666666667,1237.9197998046875,100.0
s9lyjyru,nec_frostbite_resnet_seed46,finished,2026-08-25T12:15:54Z,NEC,Frostbite,resnet,46,100000,1101.924820337,8,502.8,,,0.04141000117109732,,5,250,242,210,0.975861755168758,2514,3.835621376,3.7423795331269503,16.64701314078799,157.99357295726878,6.384614686015993,478.22222222222223,220.0,9,0.0010000000474974513,,32.53788375854492,,17.8885440826416,0.0739501482382065,0.0,0.03929596234190032,0.004999999888241291,0.04688700999231361,69459.0,5042.0,49.746639251708984,100.0
11t10op3,nec_mspacman_mae_seed42,finished,2026-08-25T13:00:45Z,NEC,MsPacman,mae,42,100000,1665.256859344,8,517.0,,,0.004620501783483585,,5,340,338,330,0.60339405911139,2585,2.881676288,4.2721373261883855,23.967795166031767,112.92208692956432,9.896924223285168,639.875,751.25,8,0.0010000000474974513,,86.85729217529297,,4.4721360206604,0.08931176712035543,0.0,0.027159883540748987,0.004999999888241291,0.06975184439973173,49303.0,7787.555555555556,1116.4561767578125,100.0
rbutv4m7,nec_mspacman_mae_seed43,finished,2026-08-25T13:29:00Z,NEC,MsPacman,mae,43,100000,1729.54952564,8,763.2,,,0.07535782550456782,,5,1810,808,490,-0.2991640674647031,3816,4.423206912,4.467454807832837,24.858296860482856,116.24150728031886,9.29699162300676,619.125,1015.0,8,0.0010000000474974513,,107.05944061279295,,568.1724853515625,0.21586011311040632,0.0,0.028346938330349517,0.004999999888241291,0.1974169741697417,40142.0,8425.111111111111,6700.21728515625,100.0
5k7ik59o,nec_mspacman_mae_seed44,finished,2026-08-25T13:58:21Z,NEC,MsPacman,mae,44,100000,1659.958237474,8,606.8,,,0.06873560796472164,,5,1240,764,530,0.3831674192236643,3034,4.440108544,4.988419787026942,24.015602057566863,112.54895893695657,9.227615750860425,558.25,597.5,8,0.0010000000474974513,,90.02095794677734,,279.3385009765625,0.09070534548525548,0.0,0.03182140993737331,0.004999999888241291,0.3702256944444444,47534.0,7618.666666666667,1061.56640625,100.0
6olpuhpp,nec_mspacman_mae_seed45,finished,2026-08-25T14:26:39Z,NEC,MsPacman,mae,45,100000,1722.91424542,8,852.6,,,0.15994160408169408,,5,1750,1370,840,0.7431702033589154,4263,5.979165696,6.887454810086638,25.37684220440375,98.11600457630408,9.419772608205676,807.1666666666666,1531.6666666666667,6,0.0010000000474974513,,109.5618133544922,,364.07415771484375,0.1382323656161547,0.0,0.027074632897868583,0.004999999888241291,0.3923337091319053,48356.0,8477.555555555555,2949.458251953125,100.0
4eu9y2px,nec_mspacman_mae_seed46,finished,2026-08-25T14:55:55Z,NEC,MsPacman,mae,46,100000,1745.287840046,8,902.6,,,0.15933958430534442,,5,1410,1366,1350,0.8316551070014541,4513,4.476521472,4.412968068849295,25.505118437080338,114.60270872568188,9.548307522200048,830.4,1164.0,5,0.0010000000474974513,,99.5262222290039,,26.07680892944336,0.13174986998763677,0.0,0.025810449725319116,0.004999999888241291,0.08950800237107291,51442.0,8326.0,2038.953857421875,100.0
e3cu575c,nec_qbert_mae_seed42,finished,2026-08-25T15:25:52Z,NEC,Qbert,mae,42,100000,1384.283966742,8,475.8,,,0.03582096289998571,,5,700,640,625,0.9426930960599668,2379,5.978564608,5.194480367936194,21.29251540248903,111.11841590253192,9.204572993330656,373.92857142857144,421.42857142857144,14,0.0010000000474974513,,74.15416717529297,,33.541019439697266,0.08595346169554337,0.0,0.026706308364075816,0.004999999888241291,0.6351535836177474,31496.0,9055.666666666666,1133.4727783203125,100.0
za5dc9ez,nec_qbert_mae_seed43,finished,2026-08-25T15:49:27Z,NEC,Qbert,mae,43,100000,1370.586325234,8,493.0,,,0.03732572924739111,,5,675,660,600,0.8187435139423536,2465,4.473898496,4.368716063909233,20.795022726268503,119.5530558411724,9.014463385101408,397.27272727272725,688.6363636363636,11,0.0010000000474974513,,83.27961730957031,,33.541019439697266,0.1038248607892596,0.0,0.02761777181435248,0.004999999888241291,0.2814755412991179,34097.0,11583.0,2823.09619140625,100.0
gvmt9c4q,nec_qbert_mae_seed44,finished,2026-08-25T16:12:47Z,NEC,Qbert,mae,44,100000,1313.880865868,8,360.0,,,0.03845430400794517,,5,675,675,675,0.982339829470455,1800,5.976599552,5.04492652323097,20.5394519784643,114.23893704603208,8.960806034971029,407.7142857142857,728.5714285714286,14,0.0010000000474974513,,81.69578552246094,,0.0,0.1087407285237202,0.0,0.030129467670943728,0.004999999888241291,0.5624222314392369,26353.0,10146.833333333334,2366.2197265625,100.0
md090bw1,nec_qbert_mae_seed45,finished,2026-08-25T16:35:13Z,NEC,Qbert,mae,45,100000,1292.839383681,8,407.0,,,0.030930472270918136,,5,575,575,575,0.772206688996665,2035,4.50961664,4.508696200791746,19.94554766432848,119.65768263261764,8.862781207077205,372.125,612.5,8,0.0010000000474974513,,61.6572265625,,0.0,0.1333018239523474,0.0,0.025599273452253053,0.004999999888241291,0.0,26337.0,10258.5,2061.71240234375,100.0
l2ld37hw,nec_qbert_mae_seed46,finished,2026-08-25T16:57:15Z,NEC,Qbert,mae,46,100000,1320.733570449,8,423.6,,,0.027168556402404617,,5,525,525,525,0.9729542333293788,2118,6.012978688,4.431541201192886,20.380931977865597,118.68100703855386,9.049975681118667,452.3333333333333,561.1111111111111,9,0.0010000000474974513,,61.84959030151367,,0.0,0.05461956241992113,0.0,0.0286355463627856,0.004999999888241291,0.001095290251916758,36166.0,9339.0,1283.521240234375,100.0
bhkctl1j,nec_frostbite_mae_seed42,finished,2026-08-25T17:19:44Z,NEC,Frostbite,mae,42,100000,1466.168889764,8,555.2,,,0.04515751258929617,,5,260,258,250,0.9620847494917496,2776,4.706377728,4.710516885854304,22.08323247282921,107.47820464297268,10.176222293637691,534.7777777777778,254.44444444444449,9,0.0010000000474974513,,31.24899673461914,,4.4721360206604,0.05543702546676506,0.0,0.03161990642898009,0.004999999888241291,0.0815956482320943,67742.0,5061.166666666667,53.25040054321289,100.0
64r7wwcj,nec_frostbite_mae_seed43,finished,2026-08-25T17:44:40Z,NEC,Frostbite,mae,43,100000,1461.700522017,8,471.6,,,0.03250966155287505,,5,230,204,170,0.8032580450668861,2358,4.724396544,4.990817752666771,22.73927196340325,107.5712392655952,9.88304640399292,486.625,217.5,8,0.0010000000474974513,,30.13011360168457,,23.021728515625,0.056924794953123005,0.0,0.03182994969012399,0.004999999888241291,0.0,65573.0,4708.666666666667,64.04995727539062,100.0
609xzcx5,nec_frostbite_mae_seed44,finished,2026-08-25T18:09:31Z,NEC,Frostbite,mae,44,100000,1432.681657907,8,397.2,,,0.025014638716477335,,5,240,172,120,0.6805158854656532,1986,6.387193344,4.694967905990779,22.10713560348377,109.53060801059864,9.912820994853972,485.9,232.0,10,0.0010000000474974513,,29.891563415527344,,52.15361785888672,0.048890880486879264,0.0,0.031646910882069855,0.004999999888241291,0.0033647375504710633,66923.0,4931.555555555556,46.91621780395508,100.0
go65d8i8,nec_frostbite_mae_seed45,finished,2026-08-25T18:33:56Z,NEC,Frostbite,mae,45,100000,1551.466304586,8,449.0,,,0.029699027989225905,,5,200,192,180,0.8096716621977127,2245,4.760548864,4.599268408957869,23.592823590586583,109.2386172900282,10.047566562891006,480.1111111111111,218.88888888888889,9,0.0010000000474974513,,30.4252872467041,,10.95445156097412,0.05078635943559868,0.0,0.031151148404596953,0.004999999888241291,0.14819532908704883,68865.0,5050.777777777777,61.613807678222656,100.0
dat8o853,nec_frostbite_mae_seed46,finished,2026-08-25T19:00:19Z,NEC,Frostbite,mae,46,100000,1558.442742207,8,467.2,,,0.03485185618924933,,5,230,214,180,0.9524011534688688,2336,6.420418048,4.4821660947054625,23.98207044665081,111.32206028623392,9.890546698123217,447.55555555555554,192.22222222222223,9,0.0010000000474974513,,31.59231948852539,,19.493589401245117,0.05914882572790923,0.0,0.03242805595005596,0.004999999888241291,0.0,68043.0,5125.888888888889,36.17736053466797,100.0
n013im13,nec_mspacman_none_seed42,finished,2026-08-25T19:28:03Z,NEC,MsPacman,none,42,100000,1313.584468534,8,701.4,,,0.1677678611742396,,5,1530,1422,1360,0.8791110695061795,3507,1.245938688,3.812143821734935,19.937826393319604,159.54549907171904,6.216343407984823,844.1666666666666,1646.6666666666667,6,0.0010000000474974513,,99.0422821044922,,71.5541763305664,0.1385099132554528,0.0,0.027346174140748095,0.004999999888241291,0.0,52881.0,8053.888888888889,2477.998291015625,100.0
1va3fhor,nec_mspacman_none_seed43,finished,2026-08-25T19:50:29Z,NEC,MsPacman,none,43,100000,1457.527446824,8,479.8,,,0.051277034450581696,,5,1240,648,380,0.33410695453611927,2399,1.751906304,28.513212327845395,22.874281317018905,41.02206388177962,10.490188491065055,712.4444444444445,891.1111111111111,9,0.0010000000474974513,,98.94512176513672,,338.1123962402344,0.15539234774644867,0.0,0.026813446339436345,0.004999999888241291,0.30398457583547556,54109.0,8659.555555555555,2237.105224609375,100.0
ra05h03p,nec_mspacman_none_seed44,finished,2026-08-25T20:15:20Z,NEC,MsPacman,none,44,100000,1829.96233057,8,718.0,,,0.04435380702256069,,5,720,602,480,-0.11919311285416331,3590,1.770048512,5.7442501448094845,25.807116749168685,118.36004220011452,7.773825468029827,632.5,700.0,8,0.0010000000474974513,,94.88429260253906,,99.59919738769533,0.15007020139721425,0.0,0.027226628932360525,0.004999999888241291,0.08576329331046312,53171.0,8236.666666666666,1843.4759521484375,100.0
bzlob7ct,nec_mspacman_none_seed45,finished,2026-08-25T20:46:33Z,NEC,MsPacman,none,45,100000,1058.889629023,8,698.8,,,0.07535782550456782,,5,1060,808,490,0.7832682237506632,3494,2.272839168,3.756323321722448,15.696386370512966,199.71457662296848,4.25510992994532,542.6666666666666,628.3333333333334,6,0.0010000000474974513,,101.47950744628906,,203.7645721435547,0.18582914683737767,0.0,0.027320171230854857,0.004999999888241291,0.1531986531986532,51444.0,8257.888888888889,2770.44287109375,100.0
30zt6a3d,nec_mspacman_none_seed46,finished,2026-08-25T21:04:43Z,NEC,MsPacman,none,46,100000,858.65632508,8,779.4,,,0.07505681561639299,,5,920,806,770,0.3608613746840314,3897,1.806223872,3.139471577014774,12.260058706083024,213.14008181064705,4.367328581865877,643.6666666666666,658.3333333333334,6,0.0010000000474974513,,86.43209838867188,,65.0384521484375,0.17920453743956827,0.0,0.02580497440225696,0.004999999888241291,0.1285171102661597,50715.0,8892.777777777777,6232.576171875,100.0
0d8f87wb,nec_qbert_none_seed42,finished,2026-08-25T21:19:29Z,NEC,Qbert,none,42,100000,728.658065433,8,430.8,,,0.03807811242109382,,5,675,670,650,0.9542824674475252,2154,2.268901888,3.285401679109782,10.971502884182458,213.34613173490231,4.214148404076695,389.5,635.7142857142857,14,0.0010000000474974513,,62.933876037597656,,11.180339813232422,0.15121235081788206,0.0,0.02536781563783017,0.004999999888241291,0.5348466746316208,45522.0,11377.333333333334,1947.7847900390625,100.0
0l12fts5,nec_qbert_none_seed43,finished,2026-08-25T21:32:06Z,NEC,Qbert,none,43,100000,675.479569305,8,408.8,,,0.040335261942201925,,5,700,700,700,0.973122827432695,2044,1.800423424,3.3638110840693116,10.54372209845266,211.14931999539348,4.213764823041856,512.3333333333334,714.5833333333334,12,0.0010000000474974513,,79.18604278564453,,0.0,0.1849302258142024,0.0,0.02575590734176255,0.004999999888241291,0.38311345646437994,41851.0,11067.0,3260.671875,100.0
n2vtlflr,nec_qbert_none_seed44,finished,2026-08-25T21:43:41Z,NEC,Qbert,none,44,100000,699.420023821,8,565.0,,,0.07983537856159384,,5,1225,1225,1225,0.4701403279096965,2825,1.81777664,3.404673528857529,10.095596061080384,211.05830890314448,4.176169927697629,489.2142857142857,576.7857142857143,14,0.0010000000474974513,,83.58279418945312,,0.0,0.2678258246209769,0.0,0.026214014082531663,0.004999999888241291,0.5359456957729096,36113.0,9781.333333333334,2366.90283203125,100.0
lnd1errv,nec_qbert_none_seed45,finished,2026-08-25T21:55:46Z,NEC,Qbert,none,45,100000,694.713892576,8,384.6,,,0.0343161965525803,,5,625,620,600,0.6602264288614,1923,2.28308736,3.2618917850777507,10.599454858798223,216.88012758587985,4.1154554057866335,438.4166666666667,539.5833333333334,12,0.0010000000474974513,,61.34150314331055,,11.180339813232422,0.19670403252561908,0.0,0.025735556203042187,0.004999999888241291,0.08100289296046287,46797.0,11261.666666666666,2069.740234375,100.0
a7w4ew1k,nec_qbert_none_seed46,finished,2026-08-25T22:07:48Z,NEC,Qbert,none,46,100000,657.530317782,8,317.4,,,-0.0033029621325548677,,5,125,120,100,0.3800201731302216,1587,1.85476096,3.5391321699135005,10.397482772846706,206.64951238200192,4.20344598358497,484.125,565.625,8,0.0010000000474974513,,67.79422760009766,,11.180339813232422,0.1787361174742043,0.0,0.024621907737230497,0.004999999888241291,0.0,41620.0,9587.333333333334,2274.422119140625,100.0
2m3v6a6j,nec_frostbite_none_seed42,finished,2026-08-25T22:19:09Z,NEC,Frostbite,none,42,100000,789.310673706,8,520.4,,,0.04094156224382246,,5,270,240,210,0.8483030679431557,2602,2.040678912,3.570466091390699,11.850961495982483,195.77451191602853,4.602201455272734,522.5,251.0,10,0.0010000000474974513,,32.6485595703125,,24.494897842407227,0.07908149771389164,0.0,0.037150080306303575,0.004999999888241291,0.00102880658436214,66220.0,5034.833333333333,70.73682403564453,100.0
omwciksn,nec_frostbite_none_seed43,finished,2026-08-25T22:32:40Z,NEC,Frostbite,none,43,100000,759.807381346,8,470.6,,,0.037662489752898466,,5,260,226,190,0.8790182412455871,2353,2.647424,3.204457419924438,11.507300816196947,208.4491241676609,4.4712764378637075,460.8181818181818,223.63636363636363,11,0.0010000000474974513,,31.64046859741211,,27.01851272583008,0.07841150540798346,0.0,0.03796157672098509,0.004999999888241291,0.015297202797202798,63296.0,4871.5,69.77378845214844,100.0
lpew8uao,nec_frostbite_none_seed44,finished,2026-08-25T22:45:44Z,NEC,Frostbite,none,44,100000,802.017438899,8,508.6,,,0.0362571729710739,,5,220,220,220,0.9444453397438908,2543,2.676980224,3.3873418159782887,12.112383681318413,192.35542597887823,4.930593546945602,528.7,227.0,10,0.0010000000474974513,,32.48398208618164,,0.0,0.0744154216337845,0.0,0.03822884816847611,0.004999999888241291,0.1659587378640777,64094.0,5072.0,36.34741973876953,100.0
2ifen5sj,nec_frostbite_none_seed45,finished,2026-08-25T22:59:33Z,NEC,Frostbite,none,45,100000,717.692683888,8,455.8,,,0.03485185618924933,,5,250,214,180,0.90416148216893,2279,2.091685888,3.616081745829433,11.171310901199467,180.12781447310007,5.266499795950949,452.09090909090907,204.54545454545453,11,0.0010000000474974513,,30.933149337768555,,25.09980010986328,0.06813422022106322,0.0,0.03935337848292069,0.004999999888241291,0.06932153392330384,62654.0,4846.0,62.34666061401367,100.0
dsdmj83c,nec_frostbite_none_seed46,finished,2026-08-25T23:11:57Z,NEC,Frostbite,none,46,100000,768.962574084,8,453.2,,,0.03438341726197447,,5,240,212,160,0.9069377908324148,2266,2.712701952,3.463579329662025,11.653571521048434,192.6935623720603,4.839759818278253,560.125,351.25,8,0.0010000000474974513,,31.851301193237305,,33.466400146484375,0.06114867882522873,0.0,0.03579267220543507,0.004999999888241291,0.06904906117504543,63452.0,5043.166666666667,62.766170501708984,100.0
wee1bli1,nec_mspacman_dinov2_seed42,finished,2026-08-25T23:25:14Z,NEC,MsPacman,dinov2,42,100000,1970.258537057,8,635.0,,,0.07505681561639299,,5,910,806,510,0.3587746086293432,3175,5.302926848,5.027996434830129,30.556011026197424,79.25916481741609,15.158943506889043,600.625,878.75,8,0.0010000000474974513,,93.9290008544922,,169.499267578125,0.13778440477067405,0.0,0.028163798341261953,0.004999999888241291,0.09930715935334872,52818.0,7912.444444444444,910.3150024414062,100.0
fj1mqtqm,nec_mspacman_dinov2_seed43,finished,2026-08-25T23:58:46Z,NEC,MsPacman,dinov2,43,100000,1959.128397284,8,608.6,,,0.10425477476935116,,5,1370,1000,360,0.01670211095307674,3043,5.467273728,5.1659955801442266,30.2800317952487,78.7517474427286,15.151013907976449,554.625,643.75,8,0.0010000000474974513,,103.57981872558594,,510.196044921875,0.2205176413430308,0.0,0.029558063835568332,0.004999999888241291,0.38885288399222295,50199.0,7778.444444444444,1509.2205810546875,100.0
6rbakvsj,nec_mspacman_dinov2_seed44,finished,2026-08-26T00:32:06Z,NEC,MsPacman,dinov2,44,100000,1964.610842021,8,755.2,,,0.10244871544030222,,5,1170,988,690,0.5459589669114336,3776,4.729919488,5.426872007083148,30.55460930530292,77.28372835978357,15.276062930934131,606.8888888888889,883.3333333333334,9,0.0010000000474974513,,97.18097686767578,,180.0555419921875,0.1849413949357374,0.0,0.029594118550017288,0.004999999888241291,0.4293369055592766,56385.0,8503.444444444445,2094.79345703125,100.0
5j01mu2l,nec_mspacman_dinov2_seed45,finished,2026-08-26T01:05:19Z,NEC,MsPacman,dinov2,45,100000,1830.488672098,8,675.4,,,0.06662853874749786,,5,900,750,710,0.4552244535906777,3377,4.746356736,5.283377780113369,28.597205671838797,80.01585416771131,14.7126594632864,737.1666666666666,1101.6666666666667,6,0.0010000000474974513,,88.78355407714844,,83.96427917480469,0.1446097005771884,0.0,0.02810456442358304,0.004999999888241291,0.06496390893947807,53863.0,8020.555555555556,1071.4503173828125,100.0
oq3jp9k5,nec_mspacman_dinov2_seed46,finished,2026-08-26T01:36:23Z,NEC,MsPacman,dinov2,46,100000,1842.296567782,8,728.8,,,0.10937194286832325,,5,1600,1034,870,0.6142648062983583,3644,5.523069952,5.569813482929021,28.70613201872911,77.3402829782588,15.117982557974756,513.3636363636364,725.4545454545455,11,0.0010000000474974513,,113.22029113769533,,316.670166015625,0.15590864065525672,0.0,0.02777776236233887,0.004999999888241291,0.3925558312655087,57050.0,8679.0,1597.103515625,100.0
7ay155y6,nec_qbert_dinov2_seed42,finished,2026-08-26T02:07:25Z,NEC,Qbert,dinov2,42,100000,1719.687067542,8,480.2,,,0.03920668718164787,,5,775,685,625,0.9222901117319716,2401,5.500853248,5.773353104945272,27.299446438866045,77.51528093859048,14.867738311178982,466.7142857142857,723.2142857142857,14,0.0010000000474974513,,87.71642303466797,,54.772254943847656,0.16335491107485323,0.0,0.03223478465568464,0.004999999888241291,0.7461180124223602,40635.0,11285.166666666666,1084.8946533203125,100.0
wyelg9r2,nec_qbert_dinov2_seed43,finished,2026-08-26T02:36:31Z,NEC,Qbert,dinov2,43,100000,1634.234487012,8,408.6,,,0.03845430400794517,,5,700,675,650,0.977944951790404,2043,4.764128256,5.307065022177994,26.071436359050377,80.15750811983415,14.653635323047638,396.0,515.3846153846154,13,0.0010000000474974513,,84.90237426757812,,25.0,0.18019393560406552,0.0,0.036105491106074285,0.004999999888241291,0.5161463939720129,40958.0,10315.5,1050.8155517578125,100.0
pticzpic,nec_qbert_dinov2_seed44,finished,2026-08-26T03:04:08Z,NEC,Qbert,dinov2,44,100000,1578.254195875,8,387.4,,,0.021525682599634343,,5,450,450,450,0.9923900965258594,1937,5.499388416,5.620112895965576,25.200101614471837,78.61141309678729,14.7331658070907,373.0,430.7692307692308,13,0.0010000000474974513,,69.5355224609375,,0.0,0.13018968181001547,0.0,0.03864870364985292,0.004999999888241291,0.7481442205726405,32832.0,8215.833333333334,354.7945556640625,100.0
7z223rwx,nec_qbert_dinov2_seed45,finished,2026-08-26T03:30:47Z,NEC,Qbert,dinov2,45,100000,1663.382358621,8,419.8,,,0.03770192083424247,,5,725,665,650,0.9665390224724292,2099,5.516269568,5.5964078437536955,26.51026620893584,79.25825368009951,14.590764163061976,467.3333333333333,1161.111111111111,9,0.0010000000474974513,,99.20925903320312,,33.541019439697266,0.17944958018932042,0.0,0.03187114452981364,0.004999999888241291,0.0,34313.0,9116.5,1834.087646484375,100.0
vy419kvl,nec_qbert_dinov2_seed46,finished,2026-08-26T03:58:55Z,NEC,Qbert,dinov2,46,100000,1644.009166714,8,398.4,,,0.032811430205174894,,5,600,600,600,0.9652983326235752,1992,4.816971264,5.40148398000747,26.26196652284513,79.87863097806834,14.628904378041623,430.6363636363636,627.2727272727273,11,0.0010000000474974513,,70.3203125,,0.0,0.1364961047204887,0.0,0.029486208960103493,0.004999999888241291,0.2630597014925373,49616.0,11466.833333333334,1144.2425537109375,100.0
2i8w8rp2,nec_frostbite_dinov2_seed42,finished,2026-08-26T04:26:42Z,NEC,Frostbite,dinov2,42,100000,1761.165212033,8,504.0,,,0.04328375688019675,,5,250,250,250,0.9809694409973956,2520,5.711174656,5.527812683023512,27.935053099746195,75.89108797353626,15.555031728930771,499.8888888888889,248.88888888888889,9,0.0010000000474974513,,31.946430206298828,,0.0,0.13477529667094482,0.0,0.03633510279986593,0.004999999888241291,0.02035870092098885,67849.0,5109.833333333333,55.03804397583008,100.0
jb40mt0p,nec_frostbite_dinov2_seed43,finished,2026-08-26T04:56:26Z,NEC,Frostbite,dinov2,43,100000,1722.124059983,8,500.2,,,0.04328375688019675,,5,260,250,230,0.9456602903973402,2501,5.891447296,5.914337324909866,27.334717411749686,74.71532877444822,15.500277671031654,499.1111111111111,225.55555555555551,9,0.0010000000474974513,,29.23361015319824,,14.142135620117188,0.15008677951587732,0.0,0.03508714768809502,0.004999999888241291,0.0032588454376163874,64626.0,4974.5,52.826210021972656,100.0
bwggulz2,nec_frostbite_dinov2_seed44,finished,2026-08-26T05:25:32Z,NEC,Frostbite,dinov2,44,100000,1898.774048021,8,751.4,,,0.24705469024475932,,5,1750,1120,130,0.6943406058821854,3757,5.030155264,5.818705887999386,29.626627990145547,75.45879834210811,15.384918277151884,622.1111111111111,851.1111111111111,9,0.0010000000474974513,,88.94775390625,,607.3713989257812,0.24842462010143543,0.0,0.028610054776480143,0.004999999888241291,0.0,66281.0,5274.888888888889,1600.757568359375,100.0
pl8mx8r7,nec_frostbite_dinov2_seed45,finished,2026-08-26T05:57:37Z,NEC,Frostbite,dinov2,45,100000,4183.926084526,8,722.6,,,0.2896826326267713,,5,1850,1302,170,0.7191614074456187,3613,5.0491648,69.98680495889857,63.57917132978328,16.244188032174403,28.509961812756956,621.3333333333334,750.0,9,0.0010000000474974513,,99.54763793945312,,684.2294921875,0.2449210609889673,0.0,0.029699537028829583,0.004999999888241291,0.008325624421831638,66976.0,5244.833333333333,1418.9193115234375,100.0
zpagw3wi,nec_mspacman_clip_seed42,finished,2026-08-26T06:12:59Z,NEC,MsPacman,clip,42,100000,4911.617876648,8,538.4,,,0.03411947082461659,,5,720,534,200,-0.11280949424480782,2692,3.22055168,16.693331195041537,79.3638290721147,46.008144522524184,18.083120161667463,540.125,608.75,8,0.0010000000474974513,,88.32151794433594,,257.6431579589844,0.18365418370068937,0.0,0.02869353837485688,0.004999999888241291,0.5366719242902208,50210.0,7995.666666666667,2091.19970703125,100.0
a65oh5w1,nec_qbert_clip_seed42,finished,2026-08-26T06:13:20Z,NEC,Qbert,clip,42,100000,5188.107304841,8,372.6,,,0.031306663857769486,,5,675,580,200,0.9318184050893962,1863,3.184076288,19.231786550953984,81.98173671428425,37.35875798923069,23.59618970192969,402.25,575.0,8,0.0010000000474974513,,74.14521026611328,,212.42645263671875,0.14031471657013664,0.0,0.033253108556346535,0.004999999888241291,0.4752475247524752,40256.0,10541.5,1984.5206298828125,100.0
5hjm4jxb,nec_frostbite_clip_seed42,finished,2026-08-26T06:13:40Z,NEC,Frostbite,clip,42,100000,5198.054943461,8,449.0,,,0.030167466916500765,,5,210,194,180,0.923987627011636,2245,3.345631232,16.76636823778972,81.66695196843551,39.14906623597339,24.10306119779125,474.5833333333333,202.5,12,0.0010000000474974513,,28.86478042602539,,11.40175437927246,0.08683874006817553,0.0,0.03221088605348654,0.004999999888241291,0.05094991364421416,64619.0,5145.944444444444,88.58782196044922,100.0
x3376kbb,nec_mspacman_clip_seed43,finished,2026-08-26T07:36:27Z,NEC,MsPacman,clip,43,100000,3655.623977306,8,769.8,,,0.13555980313953314,,5,1490,1208,940,0.6983873413272673,3849,4.786471424,23.40077211475,56.3638315930885,32.19799843416819,26.29175778804347,669.1666666666666,1109.1666666666667,12,0.0010000000474974513,,111.55318450927734,,225.65460205078125,0.14889942435989967,0.0,0.029268627009096677,0.004999999888241291,0.5094850948509485,47939.0,8050.444444444444,2840.0458984375,100.0
svyfrp27,nec_frostbite_clip_seed43,finished,2026-08-26T07:40:58Z,NEC,Frostbite,clip,43,100000,4734.225407397,8,762.0,,,0.2732872701721513,,5,2430,1232,140,0.6904210094163067,3810,5.03515392,17.896385356318206,76.08956315823986,50.67490609205315,13.677427471149713,567.3333333333334,665.0,6,0.0010000000474974513,,65.42765808105469,,1047.9837646484375,0.1456966040811327,0.0,0.02733818592656307,0.004999999888241291,0.0031628887717448603,61238.0,4818.555555555556,1111.953857421875,100.0
6qjl0zs3,nec_mspacman_clip_seed44,finished,2026-08-26T08:38:35Z,NEC,MsPacman,clip,44,100000,2385.597159357,8,518.6,,,0.03110937194286832,,5,1170,514,350,0.3552093816209486,2593,4.80318208,5.584669122006744,37.648643548033824,91.43112555408378,11.91484201606363,472.75,587.5,8,0.0010000000474974513,,90.3194351196289,,366.7151489257813,0.13347272703890775,0.0,0.028529234937600373,0.004999999888241291,0.5340909090909091,51513.0,8138.666666666667,1022.8466796875,100.0
twhzdqiw,nec_frostbite_clip_seed44,finished,2026-08-26T09:00:42Z,NEC,Frostbite,clip,44,100000,2238.809341034,8,413.8,,,0.017051176952804777,,5,180,138,110,0.6423221672675812,2069,5.05154816,5.805701681878418,34.55397770497948,82.08627624935257,13.68598527368158,537.7777777777778,211.11111111111111,9,0.0010000000474974513,,25.169267654418945,,34.20526123046875,0.08474831743747321,0.0,0.030922219582543417,0.004999999888241291,0.10041265474552956,67746.0,5091.722222222223,179.7776336669922,100.0
oa8kztsf,nec_mspacman_clip_seed45,finished,2026-08-26T09:19:12Z,NEC,MsPacman,clip,45,100000,2334.607637043,8,554.4,,,0.17649714793130955,,5,1810,1480,220,0.9800375224315394,2772,6.368366592,14.511243610177187,36.63236158391616,41.97971991402374,23.602398007176816,461.0,548.0,10,0.0010000000474974513,,142.17295837402344,,704.8403930664062,0.2479639163720712,0.0,0.03281402086922103,0.004999999888241291,0.3254029163468918,48288.0,8010.777777777777,3322.0419921875,100.0
y3jj2hu8,nec_frostbite_clip_seed45,finished,2026-08-26T09:38:33Z,NEC,Frostbite,clip,45,100000,2305.949279513,8,451.4,,,0.05358941328024359,,5,860,294,130,0.8009316047462883,2257,5.070953984,5.600668579805642,36.621856242627835,86.40663779131766,12.916427338961512,737.8571428571429,1162.857142857143,7,0.0010000000474974513,,67.32955169677734,,316.90692138671875,0.1597439931759787,0.0,0.027889048505475616,0.004999999888241291,0.0,64911.0,5199.666666666667,1632.6944580078125,100.0
8t2yplz6,nec_mspacman_clip_seed46,finished,2026-08-26T09:58:31Z,NEC,MsPacman,clip,46,100000,2399.060445424,8,762.0,,,0.12321839772436526,,5,1260,1126,660,0.49313563561422225,3810,6.386586112,5.139054878149182,37.2180073683771,87.34097677594076,13.17995252320543,756.6666666666666,1926.6666666666667,6,0.0010000000474974513,,118.50652313232422,,260.82562255859375,0.2554317944992489,0.0,0.02805615500621682,0.004999999888241291,0.0,44617.0,7694.666666666667,9692.03515625,100.0
3b81cg9v,nec_frostbite_clip_seed46,finished,2026-08-26T10:17:58Z,NEC,Frostbite,clip,46,100000,1982.40632002,8,648.2,,,0.20348987000819768,,5,1390,934,110,0.8348359442077145,3241,6.756862464,5.224591502919793,30.88242427026853,99.66050607635664,10.829912562854588,601.125,343.75,8,0.0010000000474974513,,44.482059478759766,,494.2468872070313,0.16757545031390292,0.0,0.026671964673080785,0.004999999888241291,0.0,62022.0,5141.277777777777,1100.255859375,100.0
oyglgu2s,nec_qbert_clip_seed43,finished,2026-08-26T10:58:20Z,NEC,Qbert,clip,43,100000,1376.614531852,8,434.0,,,0.03657334607368841,,5,675,650,625,0.9769441363351395,2170,3.184307712,5.247978680767119,21.48197235510064,99.75456065138538,10.791388236917555,429.3076923076923,875.0,13,0.0010000000474974513,,77.02637481689453,,17.677669525146484,0.15757959728742937,0.0,0.03195215591076424,0.004999999888241291,0.6658653846153846,32998.0,10223.5,1695.929443359375,100.0
gmwpnm4w,nec_qbert_clip_seed44,finished,2026-08-26T11:21:40Z,NEC,Qbert,clip,44,100000,1406.35651878,8,362.4,,,0.01212089292835055,,5,325,325,325,0.9353183651458714,1812,4.708265472,5.460455687716603,22.176884790098605,97.95507723019864,10.873562366701664,377.07142857142856,285.7142857142857,14,0.0010000000474974513,,56.08412170410156,,0.0,0.15081472540544272,0.0,0.03502976155197049,0.004999999888241291,0.5190205509400962,28764.0,10484.333333333334,1298.3087158203125,100.0
jaksc1c4,nec_qbert_clip_seed45,finished,2026-08-26T11:45:27Z,NEC,Qbert,clip,45,100000,1433.750925196,8,474.8,,,0.040335261942201925,,5,700,700,700,0.9859138578545632,2374,6.234274816,5.288502538111061,22.32167620640248,99.9344175681822,10.721997537184508,447.0,731.25,12,0.0010000000474974513,,78.80226135253906,,0.0,0.13748848952360324,0.0,0.038387328815484054,0.004999999888241291,0.7051347229283172,32900.0,10169.833333333334,1361.3768310546875,100.0
9ttart1z,nec_qbert_clip_seed46,finished,2026-08-26T12:09:43Z,NEC,Qbert,clip,46,100000,1421.639989438,8,443.6,,,0.033187621792026244,,5,650,605,575,0.9739603675451852,2218,4.744890368,5.057852244004607,22.165583800167465,102.05082188755102,10.620610412210226,431.9166666666667,631.25,12,0.0010000000474974513,,87.7596664428711,,27.386127471923828,0.1251997310872018,0.0,0.03548554565098561,0.004999999888241291,0.517263025737602,34071.0,10029.166666666666,788.021240234375,100.0
usqrws1z,nec_frostbite_dinov2_seed46,finished,2026-08-26T12:38:01Z,NEC,Frostbite,dinov2,46,100000,1862.503376482,8,671.0,,,0.2517390795175079,,5,1810,1140,110,0.8973544205001515,3355,4.052634112,5.474078523926437,28.920056318196774,77.89403013999768,15.066648372914642,535.0,603.75,8,0.0010000000474974513,,73.73580932617188,,917.6055908203124,0.24618036216875933,0.0,0.02892041897854923,0.004999999888241291,0.0037313432835820895,64289.0,5203.722222222223,1524.2301025390625,100.0
w0lgkv2u,nec_mspacman_resnet_frozen_seed42,finished,2026-09-01T09:37:16Z,NEC,MsPacman,resnet_frozen,42,100000,1845.688520091,8,614.2,,,0.08739822103156089,,5,970,888,770,0.7300832954325431,3071,2.74841088,8.394905487075448,27.75012717048327,98.55234242433674,7.840122119989246,551.3,942.0,10,0.0010000000474974513,,104.2679443359375,,77.91020202636719,0.11148180859326828,0.0,0.028728798759841807,0.004999999888241291,0.4481582537517053,46492.0,8459.888888888889,5719.77587890625,100.0
mvxgu9bd,nec_mspacman_mae_frozen_seed42,finished,2026-09-01T09:37:53Z,NEC,MsPacman,mae_frozen,42,100000,2934.846016761,8,670.2,,,0.0840871122616378,,5,1220,866,660,0.4276472324061415,3351,1.867212288,16.452893740031868,44.353349571372384,56.193426437295514,12.020187569316477,675.75,863.75,8,0.0010000000474974513,,93.0966567993164,,224.67755126953125,0.07044264460012468,0.0,0.02708154060943357,0.004999999888241291,0.2578866768759571,40678.0,9039.222222222224,4662.32470703125,100.0
axr7q07i,nec_mspacman_resnet_frozen_seed43,finished,2026-09-01T10:08:57Z,NEC,MsPacman,resnet_frozen,43,100000,2057.70344851,8,641.4,,,0.12803455593516247,,5,1200,1158,1080,0.7594085364863138,3207,3.297870848,10.942119823768737,32.124962630146186,79.62795503979102,9.151325991842896,594.0,880.0,8,0.0010000000474974513,,114.69564819335938,,49.19349670410156,0.10833602164440032,0.0,0.031167721076901484,0.004999999888241291,0.1547169811320755,41748.0,8539.444444444445,7953.197265625,100.0
59sgu3tz,nec_mspacman_mae_frozen_seed43,finished,2026-09-01T10:27:27Z,NEC,MsPacman,mae_frozen,43,100000,3372.547168705,8,654.8,,,0.0717457068464699,,5,900,784,730,0.8278762619167819,3274,2.71534848,7.242270142771304,46.91811659617039,87.80256516391475,10.980432087089866,938.6666666666666,1521.6666666666667,6,0.0010000000474974513,,97.90531158447266,,72.66360473632812,0.060075280973408994,0.0,0.027131084175987124,0.004999999888241291,0.16932515337423312,42811.0,8626.888888888889,2923.75048828125,100.0
p5tpw53l,nec_mspacman_resnet_frozen_seed44,finished,2026-09-01T10:44:15Z,NEC,MsPacman,resnet_frozen,44,100000,2544.204306098,8,796.8,,,0.07656186505726713,,5,890,816,760,0.8426801360256815,3984,3.84710144,15.097199060022833,31.819864028932837,47.726649183469,18.427048448938876,711.1428571428571,1104.2857142857142,7,0.0010000000474974513,,106.09982299804688,,46.69047164916992,0.1152382706270571,0.0,0.027846298436104373,0.004999999888241291,0.12540894220283533,53121.0,9064.777777777776,4184.44873046875,100.0
l8rifmfk,nec_mspacman_mae_frozen_seed44,finished,2026-09-01T11:26:37Z,NEC,MsPacman,mae_frozen,44,100000,2811.402012311,8,664.0,,,0.06060834098400132,,5,710,710,710,0.37531965961126706,3320,3.562059264,17.28459605295211,43.03250490922171,53.284330885673505,12.7429931727238,453.57142857142856,354.2857142857143,7,0.0010000000474974513,,94.94278717041016,,0.0,0.1028812178788355,0.0,0.03743489853641295,0.004999999888241291,0.1081593927893738,16314.0,7913.0,8448.166015625,100.0
nyzarpyv,nec_mspacman_resnet_frozen_seed45,finished,2026-09-01T11:27:12Z,NEC,MsPacman,resnet_frozen,45,100000,2182.791854532,8,859.2,,,0.1737880589377361,,5,1530,1462,1400,0.8033563577407368,4296,3.863805952,18.80578273907304,31.3516150553866,47.73681252097168,14.711327338125557,682.1666666666666,1076.6666666666667,6,0.0010000000474974513,,114.90169525146484,,52.15361785888672,0.11626309197806348,0.0,0.03149059419738914,0.004999999888241291,0.12727272727272726,46916.0,8777.555555555555,5529.82373046875,100.0
lau4evvq,nec_mspacman_resnet_frozen_seed46,finished,2026-09-01T12:04:05Z,NEC,MsPacman,resnet_frozen,46,100000,2062.747431574,8,638.0,,,0.14007495146215554,,5,1300,1238,990,0.6497295136394607,3190,3.351794688,3.4757707896642387,30.498962645969975,174.14166408082613,5.712151058018208,638.625,945.0,8,0.0010000000474974513,,102.4577407836914,,138.63621520996094,0.0858843609281611,0.0,0.028446748189807188,0.004999999888241291,0.13963963963963963,52761.0,8841.0,3091.70751953125,100.0
h8ap7khs,nec_mspacman_mae_frozen_seed45,finished,2026-09-01T12:14:44Z,NEC,MsPacman,mae_frozen,45,100000,2634.665070887,8,441.0,,,0.023584124738497657,,5,480,464,400,0.8788023359160764,2205,3.580555776,7.34783040964976,41.55684860216764,52.337937209775966,23.22272863984108,540.8571428571429,673.5714285714286,14,0.0010000000474974513,,92.66841888427734,,35.7770881652832,0.05754549196058015,0.0,0.026647245022028303,0.004999999888241291,0.5772819472616633,33656.0,7160.333333333333,2618.32373046875,100.0
se7t5bmv,nec_qbert_resnet_frozen_seed42,finished,2026-09-01T12:39:24Z,NEC,Qbert,resnet_frozen,42,100000,1603.153527647,8,456.8,,,0.019644724665377585,,5,425,425,425,0.8975995692850832,2284,3.860528128,11.513910334091634,25.030407901488555,62.47749901334195,14.095309389289469,485.125,446.875,8,0.0010000000474974513,,62.4849967956543,,0.0,0.06528300025316322,0.0,0.03474525174112981,0.004999999888241291,0.25221540558963873,46574.0,11690.5,2498.748779296875,100.0
id98lwap,nec_mspacman_mae_frozen_seed46,finished,2026-09-01T13:00:24Z,NEC,MsPacman,mae_frozen,46,100000,3068.277976287,8,733.0,,,0.07144469695829507,,5,910,782,750,0.653897371203037,3665,2.769214976,42.54384278738871,45.370948711503296,24.11660535074969,23.80048622284085,630.8,904.0,5,0.0010000000474974513,,94.2557144165039,,71.5541763305664,0.06298510214722985,0.0,0.02703310147134512,0.004999999888241291,0.22602409638554216,44254.0,7917.0,6308.6025390625,100.0
esld9pyo,nec_qbert_resnet_frozen_seed43,finished,2026-09-01T13:07:12Z,NEC,Qbert,resnet_frozen,43,100000,1822.699374949,8,354.4,,,0.007230402299282978,,5,275,260,225,0.8204205883192371,1772,3.347554816,5.4269967107102275,27.66854267419937,114.31213134173164,8.56976794777438,414.8125,489.0625,16,0.0010000000474974513,,59.91952896118164,,22.360679626464844,0.07726959094846308,0.0,0.03258701551518493,0.004999999888241291,0.5102290076335878,43451.0,10841.833333333334,2605.05712890625,100.0
seyziuwf,nec_qbert_resnet_frozen_seed44,finished,2026-09-01T13:39:22Z,NEC,Qbert,resnet_frozen,44,100000,1560.808190024,8,399.2,,,0.04221621987645868,,5,725,725,725,0.8145823223531308,1996,3.85579264,8.480713189113885,23.62281293400253,80.1813545979788,11.474050708580762,452.6,587.5,10,0.0010000000474974513,,58.38313293457031,,0.0,0.05854054215840396,0.0,0.030985075165439864,0.004999999888241291,0.0785276073619632,44684.0,10698.833333333334,1387.519287109375,100.0
folqy2ul,nec_qbert_mae_frozen_seed42,finished,2026-09-01T13:53:48Z,NEC,Qbert,mae_frozen,42,100000,2324.357901276,8,401.4,,,0.016259000383715416,,5,400,380,375,0.8631894032961721,2007,3.577508864,15.996888547204437,36.61178281696824,41.219874520686155,22.81933829979971,416.4,522.5,10,0.0010000000474974513,,52.927860260009766,,11.180339813232422,0.026563521205690305,0.0,0.026036824985721137,0.004999999888241291,0.099273607748184,33591.0,10081.0,1529.0789794921875,100.0
wotxlo61,nec_qbert_resnet_frozen_seed45,finished,2026-09-01T14:07:18Z,NEC,Qbert,resnet_frozen,45,100000,1713.071426154,8,512.2,,,0.021525682599634343,,5,450,450,450,0.8736004647263971,2561,3.387808256,3.8025198290124536,25.206246515697178,139.18622139435448,7.692870907019824,432.44444444444446,402.77777777777777,9,0.0010000000474974513,,56.42535400390625,,0.0,0.05544242583045288,0.0,0.03153974152194729,0.004999999888241291,0.0,48493.0,11867.333333333334,1174.3272705078125,100.0
de0qmwpx,nec_qbert_mae_frozen_seed43,finished,2026-09-01T14:35:01Z,NEC,Qbert,mae_frozen,43,100000,2272.694068153,8,349.0,,,0.021525682599634343,,5,450,450,450,0.9679494411000046,1745,3.554427392,7.924576361197978,36.32805673698119,85.65723757534104,10.75452239671722,393.8333333333333,591.6666666666666,12,0.0010000000474974513,,68.03504943847656,,0.0,0.02996188750581277,0.0,0.026548409716198585,0.004999999888241291,0.650354609929078,19920.0,8517.5,1407.6668701171875,100.0
nvalb0bw,nec_qbert_resnet_frozen_seed46,finished,2026-09-01T14:36:17Z,NEC,Qbert,resnet_frozen,46,100000,1611.067073813,8,531.2,,,0.02528759846814786,,5,500,500,500,0.9701085148977572,2656,3.891584512,3.955910447984934,23.94957060204664,129.2484240726108,8.423350742086768,450.4375,420.3125,16,0.0010000000474974513,,62.24306869506836,,0.0,0.05115082077953186,0.0,0.03337045798913191,0.004999999888241291,0.7376500139547865,41329.0,9936.833333333334,965.071044921875,100.0
2vlj4oal,nec_frostbite_resnet_frozen_seed42,finished,2026-09-01T15:03:35Z,NEC,Frostbite,resnet_frozen,42,100000,2808.342512694,8,999.2,,,0.3369949642815318,,5,2160,1504,190,0.6700613661887251,4996,4.061073408,11.487300906330349,43.456349727682145,62.741613573556826,14.014115280937403,812.75,1075.0,4,0.0010000000474974513,,80.4244384765625,,816.4434814453125,0.17622501931687873,0.0,0.03288731427145589,0.004999999888241291,0.0024630541871921183,59214.0,4614.111111111111,1566.0546875,100.0
kyj2gf81,nec_qbert_mae_frozen_seed44,finished,2026-09-01T15:13:55Z,NEC,Qbert,mae_frozen,44,100000,2480.284038342,8,286.0,,,0.014001850862607308,,5,350,350,350,0.961030894638611,1430,2.783550464,8.58800704125315,40.039264285967995,82.8758931711888,10.717968903947622,378.125,429.6875,16,0.0010000000474974513,,68.18807220458984,,0.0,0.02394692766613659,0.0,0.026451684494387784,0.004999999888241291,0.6133982035928144,19487.0,8296.5,735.1487426757812,100.0
rp4ziq0k,nec_frostbite_resnet_frozen_seed43,finished,2026-09-01T15:50:54Z,NEC,Frostbite,resnet_frozen,43,100000,1643.699547161,8,490.0,,,0.03204122262560019,,5,220,202,140,0.93625618410626,2450,4.254595584,5.791283814702183,25.704143185315964,106.74835548473597,9.19723748601973,442.7142857142857,178.57142857142858,14,0.0010000000474974513,,30.87481117248535,,34.928497314453125,0.07511025501454202,0.0,0.03817281724817527,0.004999999888241291,0.20057142857142857,69398.0,5081.666666666667,46.04969787597656,100.0
lgimrx9k,nec_qbert_mae_frozen_seed45,finished,2026-09-01T15:56:27Z,NEC,Qbert,mae_frozen,45,100000,2136.262765675,8,649.4,,,0.04221621987645868,,5,925,725,425,0.23617072465513111,3247,3.590509056,12.100521911866965,32.233091690531,47.78553909892644,21.382411004044116,484.1111111111111,388.8888888888889,9,0.0010000000474974513,,57.40424728393555,,273.86126708984375,0.0312734265197839,0.0,0.02532761243300392,0.004999999888241291,0.0,31044.0,10523.5,1968.380859375,100.0
y42mjsni,nec_frostbite_resnet_frozen_seed44,finished,2026-09-01T16:19:16Z,NEC,Frostbite,resnet_frozen,44,100000,1699.305399388,8,546.8,,,0.039536245461997896,,5,240,234,220,0.8969406990995007,2734,3.616827392,5.977815438993275,26.450889949221164,114.38650472913844,8.009848610963672,481.9166666666667,219.16666666666663,12,0.0010000000474974513,,28.508930206298828,,8.9442720413208,0.08819730198395352,0.0,0.03690026585112748,0.004999999888241291,0.3407780979827089,67790.0,4949.222222222223,62.95383834838867,100.0
6lvhq49s,nec_qbert_mae_frozen_seed46,finished,2026-09-01T16:32:34Z,NEC,Qbert,mae_frozen,46,100000,2063.715622263,8,316.0,,,0.017763766731120824,,5,400,400,400,0.9645448670125916,1580,2.819682816,6.320530315861106,32.41129827675565,91.78241422839506,11.11200306704268,349.3333333333333,354.1666666666667,12,0.0010000000474974513,,59.0470085144043,,0.0,0.032200466239538025,0.0,0.026255547863781013,0.004999999888241291,0.0,30862.0,9803.333333333334,1405.9737548828125,100.0
6dy81hxi,nec_frostbite_resnet_frozen_seed45,finished,2026-09-01T16:48:19Z,NEC,Frostbite,resnet_frozen,45,100000,1756.013631859,8,652.4,,,0.15945661084436116,,5,1520,746,160,0.5502996596666871,3262,3.646928896,4.95410705730319,27.068355309800246,123.90283563497276,7.9592374339699745,633.75,850.0,8,0.0010000000474974513,,58.32189178466797,,584.3201293945312,0.1289473617635553,0.0,0.03298253202843241,0.004999999888241291,0.0,62095.0,4840.666666666667,1557.32080078125,100.0
am4kjd19,nec_frostbite_mae_frozen_seed42,finished,2026-09-01T17:08:07Z,NEC,Frostbite,mae_frozen,42,100000,2781.913948515,8,520.6,,,0.041878440098372174,,5,260,244,210,0.915218725538552,2603,2.997597184,7.551390276756138,38.05362492214578,57.07808991988517,20.48038167366758,520.5,251.25,8,0.0010000000474974513,,31.003042221069336,,23.021728515625,0.04647753521222094,0.0,0.033894761198182355,0.004999999888241291,0.006956521739130435,69153.0,5068.444444444444,63.57413864135742,100.0
m7t29cx7,nec_frostbite_resnet_frozen_seed46,finished,2026-09-01T17:18:14Z,NEC,Frostbite,resnet_frozen,46,100000,2140.255247658,8,576.0,,,0.06904789788031386,,5,1250,360,120,0.825277813137869,2880,4.303118336,4.277217098977417,27.65121669115033,119.76263159435388,9.082542775198815,560.5714285714286,257.14285714285717,7,0.0010000000474974513,,58.19731140136719,,497.6444396972656,0.12155851178457974,0.0,0.031920345959736515,0.004999999888241291,0.0007479431563201197,57519.0,4828.944444444444,1760.247802734375,100.0
wm47963k,nec_frostbite_mae_frozen_seed43,finished,2026-09-01T17:54:55Z,NEC,Frostbite,mae_frozen,43,100000,1226.196954204,8,452.8,,,0.023609321934652767,,5,220,166,140,0.5869768720270966,2264,3.9661312,4.303875406738371,18.959178727096877,128.71408944621157,8.126776178367436,476.55555555555554,203.33333333333337,9,0.0010000000474974513,,28.08462905883789,,32.86335372924805,0.041544532979187504,0.0,0.030991610839654345,0.004999999888241291,0.019368723098995694,66275.0,4836.555555555556,64.60408782958984,100.0
54yip06d,nec_frostbite_mae_frozen_seed44,finished,2026-09-01T18:15:49Z,NEC,Frostbite,mae_frozen,44,100000,1274.904479704,8,456.2,,,0.031572783698325335,,5,230,200,150,0.917068654518943,2281,3.033664512,4.712352664209902,19.81161800676491,128.83677708644032,7.70646156091243,482.3076923076923,209.23076923076923,13,0.0010000000474974513,,31.469526290893555,,33.911651611328125,0.03962294698901633,0.0,0.03244888482984542,0.004999999888241291,0.5150391429748661,66218.0,4811.666666666667,37.69945526123047,100.0
ks657vq1,nec_frostbite_mae_frozen_seed45,finished,2026-09-01T18:37:32Z,NEC,Frostbite,mae_frozen,45,100000,1271.217256415,8,501.0,,,0.0362571729710739,,5,250,220,170,0.8199004775311919,2505,4.001940992,4.648533295840025,19.503031431984468,126.43764956730396,8.005925288889557,528.75,222.5,8,0.0010000000474974513,,29.345434188842773,,41.231056213378906,0.04188812244706224,0.0,0.0320596194212827,0.004999999888241291,0.30071599045346065,69001.0,5023.722222222223,62.28118896484375,100.0
5l4kq0y1,nec_frostbite_mae_frozen_seed46,finished,2026-09-01T18:59:08Z,NEC,Frostbite,mae_frozen,46,100000,1323.398885196,8,499.6,,,0.04047312331654761,,5,270,238,200,0.9415754575541811,2498,3.07051008,4.819874633103609,20.447651009315937,127.7848521610192,7.7011712728999555,481.44444444444446,233.33333333333337,9,0.0010000000474974513,,32.96171951293945,,25.884357452392575,0.049986743802635056,0.0,0.034818016482495086,0.004999999888241291,0.08387698042870456,67366.0,4997.222222222223,172.2328643798828,100.0
yojku2xb,nec_mspacman_clip_frozen_seed42,finished,2026-09-08T09:51:18Z,NEC,MsPacman,clip_frozen,42,100000,2973.525612482,8,486.8,,,0.03893562903541381,,5,630,566,540,0.7624330596657753,2434,2.15188992,9.923341260757296,46.883672967669554,72.0913356499745,12.27072666119784,647.0,925.7142857142856,7,0.0010000000474974513,,89.0167007446289,,37.14834976196289,0.08516785913625491,0.0,0.03539234516582856,0.004999999888241291,0.3423782920989625,51135.0,8093.777777777777,3024.6318359375,100.0
g745zlur,nec_mspacman_dinov2_frozen_seed42,finished,2026-09-08T09:52:33Z,NEC,MsPacman,dinov2_frozen,42,100000,3252.627021244,8,684.2,,,0.07445479584004334,,5,1800,802,310,0.27921770278214997,3421,2.62628864,24.928669026121497,51.339363469850895,32.82395542920727,23.81621802598238,637.7142857142857,817.1428571428571,7,0.0010000000474974513,,106.3129653930664,,576.0816040039062,0.13337748336118635,0.0,0.03038669473834416,0.004999999888241291,0.0984182776801406,48345.0,7637.111111111111,7705.32568359375,100.0
dilikz15,nec_mspacman_clip_frozen_seed43,finished,2026-09-08T10:41:44Z,NEC,MsPacman,clip_frozen,43,100000,2405.349592134,8,761.0,,,0.1021477055521274,,5,1240,986,730,0.528033176178823,3805,3.008595456,14.006937066093087,37.381279467085065,63.69926343727597,11.111092776991429,615.5555555555555,808.8888888888889,9,0.0010000000474974513,,89.10614776611328,,203.2978057861328,0.07770739166413614,0.0,0.030760412837220537,0.004999999888241291,0.08687943262411348,47071.0,7080.333333333333,825.6852416992188,100.0
acokrbwd,nec_mspacman_dinov2_frozen_seed43,finished,2026-09-08T10:47:15Z,NEC,MsPacman,dinov2_frozen,43,100000,2508.473814998,8,677.8,,,0.046159866351609645,,5,1040,614,470,0.4891422949202978,3389,3.217866752,15.146294515114278,39.54903392718794,54.26985447842036,14.336003076750783,684.1428571428571,664.2857142857143,7,0.0010000000474974513,,89.65513610839844,,239.12339782714844,0.13860326991716207,0.0,0.030322212792259037,0.004999999888241291,0.34673748103186647,54997.0,8345.444444444445,1829.4677734375,100.0
0n22xuy3,nec_mspacman_dinov2_frozen_seed44,finished,2026-09-08T11:29:31Z,NEC,MsPacman,dinov2_frozen,44,100000,3081.745984217,8,578.4,,,0.0705416672937706,,5,870,776,640,0.6644768672123994,2892,3.809778176,8.97595131257549,48.953897723353776,65.0914473017001,15.604851025156677,752.0,1085.0,8,0.0010000000474974513,,107.62479400634766,,115.88787841796876,0.15272888437970333,0.0,0.03161178356258676,0.004999999888241291,0.18458075407990995,52553.0,8620.111111111111,3514.20556640625,100.0
4oimckcl,nec_mspacman_dinov2_frozen_seed45,finished,2026-09-08T12:21:32Z,NEC,MsPacman,dinov2_frozen,45,100000,2028.989045108,8,709.0,,,0.07204671673464473,,5,1080,786,280,0.4952235824900838,3545,3.829825536,5.261079088784754,31.89460578734676,83.76650884261576,13.8396333809942,665.1428571428571,981.4285714285714,7,0.0010000000474974513,,89.52877807617188,,339.9705810546875,0.1642876488883898,0.0,0.030714281896808512,0.004999999888241291,0.07196710075394105,52064.0,8110.444444444444,6644.099609375,100.0
bvndausk,nec_mspacman_dinov2_frozen_seed46,finished,2026-09-08T12:55:46Z,NEC,MsPacman,dinov2_frozen,46,100000,1909.298668601,8,769.6,,,0.07987297382719023,,5,900,838,680,0.40361540315081007,3848,3.272153088,5.060965672135353,29.54040067985188,86.53586067685544,13.428478905931115,765.1666666666666,1768.3333333333333,6,0.0010000000474974513,,142.96231079101562,,89.27485656738281,0.238968625509383,0.0,0.027312565811929743,0.004999999888241291,0.0,52220.0,8632.777777777777,9897.8759765625,100.0
h0fpzw85,nec_qbert_dinov2_frozen_seed42,finished,2026-09-08T13:28:01Z,NEC,Qbert,dinov2_frozen,42,100000,1653.162354871,8,617.2,,,0.04409717781071544,,5,775,750,725,0.8809173135455193,3086,3.24802304,5.472466461360455,25.78695937550316,85.04132469542567,13.341915907803925,472.2857142857143,717.8571428571429,14,0.0010000000474974513,,70.92875671386719,,17.677669525146484,0.09514040438883646,0.0,0.037416663789607826,0.004999999888241291,0.5668414154652687,45109.0,10495.333333333334,3316.0458984375,100.0
69xeuul2,nec_qbert_dinov2_frozen_seed43,finished,2026-09-08T13:55:59Z,NEC,Qbert,dinov2_frozen,43,100000,1525.645195123,8,397.2,,,0.04409717781071544,,5,750,750,750,0.9800407596275236,1986,3.801053696,5.428344634361565,24.221647954763224,86.88267880713259,12.98729381011799,408.1818181818182,706.8181818181819,11,0.0010000000474974513,,81.13566589355469,,0.0,0.08203257259779297,0.0,0.041696567066481505,0.004999999888241291,0.3853989813242784,43271.0,10482.666666666666,2781.346923828125,100.0
ky7g0lrz,nec_qbert_dinov2_frozen_seed44,finished,2026-09-08T14:21:55Z,NEC,Qbert,dinov2_frozen,44,100000,1601.469196433,8,480.4,,,0.035068579726283,,5,750,630,275,0.904804119789191,2402,3.283707392,5.479126061778516,25.305302496502797,84.85635013441582,13.376268937718123,537.8,782.5,10,0.0010000000474974513,,99.8792953491211,,205.7000274658203,0.08315612905996234,0.0,0.03723876712230648,0.004999999888241291,0.48157758173326415,42558.0,10600.666666666666,4692.00244140625,100.0
0johis2b,nec_qbert_dinov2_frozen_seed45,finished,2026-09-08T14:49:00Z,NEC,Qbert,dinov2_frozen,45,100000,1592.888980612,8,482.8,,,0.04635432733182355,,5,1225,780,650,0.8279919517745096,2414,3.8356992,5.565857405774295,25.216679460097417,84.34890225368483,13.402972741983833,485.7857142857143,855.3571428571429,14,0.0010000000474974513,,83.73451232910156,,248.99798583984375,0.09112760848669864,0.0,0.03496445841018344,0.004999999888241291,0.3646242076667673,49091.0,11672.5,2166.54296875,100.0
7i8xci0u,nec_qbert_dinov2_frozen_seed46,finished,2026-09-08T15:15:59Z,NEC,Qbert,dinov2_frozen,46,100000,1577.684807879,8,437.4,,,0.030930472270918136,,5,575,575,575,0.9256332269895724,2187,3.319640064,5.268672951962799,25.098833402548916,88.86831745825923,12.73549372702837,419.6666666666667,719.4444444444445,9,0.0010000000474974513,,87.98748016357422,,0.0,0.1004969066484736,0.0,0.03472125636789289,0.004999999888241291,0.10237203495630462,39340.0,9413.5,1710.5985107421875,100.0
zo7ko5m8,nec_frostbite_dinov2_frozen_seed42,finished,2026-09-08T15:42:40Z,NEC,Frostbite,dinov2_frozen,42,100000,1687.941189164,8,455.2,,,0.02079868837100363,,5,170,154,130,0.013116386493069915,2276,4.033130496,5.639876412693411,26.907092254546782,81.76302275057209,13.92887173499912,653.6666666666666,724.4444444444445,9,0.0010000000474974513,,43.78050231933594,,16.733200073242188,0.12979298733760675,0.0,0.04047500911313154,0.004999999888241291,0.001126126126126126,68283.0,5039.055555555556,982.7841186523438,100.0
4tbvil90,nec_frostbite_dinov2_frozen_seed43,finished,2026-09-08T16:11:13Z,NEC,Frostbite,dinov2_frozen,43,100000,1659.515679091,8,552.0,,,0.04609439044384589,,5,270,262,250,0.961867268385207,2760,3.517870592,5.636886101216078,26.183439688167223,81.70326616700282,13.946174344979228,469.6666666666667,205.55555555555551,9,0.0010000000474974513,,33.184226989746094,,10.95445156097412,0.13578306191080458,0.0,0.039422294634263874,0.004999999888241291,0.0,66651.0,4932.555555555556,41.38136291503906,100.0
uakyz2j7,nec_frostbite_dinov2_frozen_seed44,finished,2026-09-08T16:39:15Z,NEC,Frostbite,dinov2_frozen,44,100000,1657.753359839,8,462.8,,,0.03813092868017332,,5,250,228,170,0.9354037807572638,2314,4.231348736,5.300942274741828,26.385038111281272,81.90351950563168,14.234237771946937,454.1111111111111,201.11111111111111,9,0.0010000000474974513,,32.73394775390625,,33.466400146484375,0.12572412031006103,0.0,0.04132300732273801,0.004999999888241291,0.03347280334728033,65905.0,4861.833333333333,29.00110244750977,100.0
0e8ifuiy,nec_frostbite_dinov2_frozen_seed45,finished,2026-09-08T17:07:16Z,NEC,Frostbite,dinov2_frozen,45,100000,1692.404903243,8,522.8,,,0.04000468438927275,,5,260,236,200,0.8939229677558239,2614,4.251879424,5.440046688076109,26.796091685063825,82.25389712702406,14.011919186916202,494.1111111111111,224.44444444444449,9,0.0010000000474974513,,31.201976776123047,,32.86335372924805,0.16245203407799969,0.0,0.042062983688262855,0.004999999888241291,0.078757225433526,66546.0,4892.166666666667,38.74317932128906,100.0
rd26lpis,nec_frostbite_dinov2_frozen_seed46,finished,2026-09-08T17:35:52Z,NEC,Frostbite,dinov2_frozen,46,100000,1648.740591862,8,490.4,,,0.041878440098372174,,5,270,244,170,0.862804445306079,2452,3.574526976,5.412595587782562,26.155235312801477,85.11542849965441,13.385406468994915,494.3333333333333,253.33333333333337,9,0.0010000000474974513,,33.434776306152344,,41.59326934814453,0.13848068110901576,0.0,0.042172261880972714,0.004999999888241291,0.011904761904761904,66796.0,4874.166666666667,38.560848236083984,100.0
zos2tivn,nec_mspacman_clip_frozen_seed44,finished,2026-09-10T07:16:17Z,NEC,MsPacman,clip_frozen,44,100000,1600.10852769,8,622.2,,,0.06030733109582649,,5,850,708,480,0.13479247614322412,3111,2.151907328,5.823939527384937,24.827466170241436,100.44252928832296,10.105567737482488,766.1666666666666,1073.3333333333333,6,0.0010000000474974513,,90.8643569946289,,194.73057556152344,0.09931350516358864,0.0,0.030061214084765045,0.004999999888241291,0.05442176870748299,44966.0,7115.888888888889,2459.239990234375,100.0
a548s3mn,nec_mspacman_clip_frozen_seed45,finished,2026-09-10T07:43:21Z,NEC,MsPacman,clip_frozen,45,100000,1708.319521411,8,773.6,,,0.13917192179763105,,5,2050,1232,970,0.1928525311724515,3868,3.009735168,5.099714539013803,26.232392090295132,107.17847516751094,9.828656082972884,666.7142857142857,991.4285714285714,7,0.0010000000474974513,,102.51573181152344,,463.75640869140625,0.10249809088679102,0.0,0.03210886882894802,0.004999999888241291,0.0,50730.0,8124.0,2183.915283203125,100.0
axk41e76,nec_mspacman_clip_frozen_seed46,finished,2026-09-10T08:12:11Z,NEC,MsPacman,clip_frozen,46,100000,1590.993624546,8,566.0,,,0.004921511671658412,,5,350,340,320,0.4779621668242193,2830,3.02713088,5.394457205198705,24.84795100789828,102.85264612368768,10.161778441630304,549.7142857142857,575.7142857142857,7,0.0010000000474974513,,87.53166198730469,,14.142135620117188,0.07919295804284755,0.0,0.03128004008951635,0.004999999888241291,0.389630793401414,52084.0,7946.0,1778.9715576171875,100.0
4d6cex1c,nec_qbert_clip_frozen_seed44,finished,2026-09-10T08:39:06Z,NEC,Qbert,clip_frozen,44,100000,1320.418091298,8,339.8,,,0.0045970611913235164,,5,225,225,225,0.45298560056682535,1699,3.843065344,7.541554320603609,20.948590863387412,92.30614010121428,9.792070487514138,416.1666666666667,491.6666666666667,12,0.0010000000474974513,,57.30622863769531,,0.0,0.060579930374812505,0.0,0.03606026404903979,0.004999999888241291,0.3157107231920199,35532.0,11299.833333333334,4001.519287109375,100.0
wtv5kyej,nec_qbert_clip_frozen_seed45,finished,2026-09-10T09:01:32Z,NEC,Qbert,clip_frozen,45,100000,1429.827761107,8,513.4,,,0.040335261942201925,,5,700,700,700,0.7212859446446569,2567,3.820089856,5.600853005424142,22.305002357438205,103.53133441216376,9.853405447676778,455.77777777777777,650.0,9,0.0010000000474974513,,59.60407257080078,,0.0,0.06815796605353178,0.0,0.03189977989437119,0.004999999888241291,0.41680305510092747,45164.0,11173.333333333334,2583.76123046875,100.0
n4458n7p,nec_qbert_clip_frozen_seed46,finished,2026-09-10T09:25:48Z,NEC,Qbert,clip_frozen,46,100000,1301.257505869,8,355.8,,,0.015882808796864066,,5,375,375,375,0.9849504602917164,1779,3.040346624,5.675502872094512,20.617966747904816,103.11624823626973,9.840965457260609,451.25,446.875,8,0.0010000000474974513,,69.3563461303711,,0.0,0.03755912472492551,0.0,0.04078820709111886,0.004999999888241291,0.34285714285714286,35484.0,8209.0,501.984375,100.0
yzxylu2u,nec_frostbite_clip_frozen_seed44,finished,2026-09-10T09:47:54Z,NEC,Frostbite,clip_frozen,44,100000,1448.460855391,8,470.0,,,0.02735683335285162,,5,200,182,160,0.8251138555793931,2350,4.018018816,5.609538674354553,22.676793719176203,98.78228757154456,10.587697078473866,459.4,182.0,10,0.0010000000474974513,,29.751300811767575,,14.832396507263184,0.07350150442727342,0.0,0.03560471802214535,0.004999999888241291,0.3943742824339839,65912.0,4732.666666666667,37.78938674926758,100.0
9eubokl8,nec_frostbite_clip_frozen_seed45,finished,2026-09-10T10:12:23Z,NEC,Frostbite,clip_frozen,45,100000,1507.993439666,8,537.8,,,0.02735683335285162,,5,220,182,110,0.784792975140818,2689,4.197025792,5.8122433461248875,23.535696912075704,96.3019504742085,10.802165729925036,536.7,187.0,10,0.0010000000474974513,,26.52630615234375,,42.07136917114258,0.09017325368264847,0.0,0.034599610067472066,0.004999999888241291,0.0,69163.0,5127.055555555556,61.57884979248047,100.0
c0pu9b7v,nec_frostbite_clip_frozen_seed46,finished,2026-09-10T10:37:55Z,NEC,Frostbite,clip_frozen,46,100000,1498.453048988,8,479.0,,,0.04000468438927275,,5,240,236,220,0.9853604759321306,2395,4.215458816,5.832875533029437,23.52244581282139,96.4419560356109,10.75741427205503,456.6,207.0,10,0.0010000000474974513,,29.771337509155273,,8.9442720413208,0.06937121834077296,0.0,0.04349319621362354,0.004999999888241291,0.0032310177705977385,66838.0,4834.555555555556,51.599491119384766,100.0
p4v7ckj3,nec_qbert_clip_frozen_seed42,finished,2026-09-11T08:06:49Z,NEC,Qbert,clip_frozen,42,100000,1377.706402075,8,440.4,,,0.03883049559479652,,5,700,680,625,0.8947727357481576,2202,2.112969728,6.1977452570572495,21.64806732015374,100.75178702263106,9.682866365648806,421.0,594.2307692307693,13,0.0010000000474974513,,57.98161315917969,,32.596012115478516,0.07408652792857014,0.0,0.038484941498900034,0.004999999888241291,0.4867141931302657,41183.0,10658.833333333334,2851.683349609375,100.0
z34loy0y,nec_qbert_clip_frozen_seed43,finished,2026-09-11T08:30:10Z,NEC,Qbert,clip_frozen,43,100000,1407.964321729,8,477.4,,,0.04259241146331003,,5,750,730,725,0.966661102040495,2387,2.926956032,6.222592990845442,22.04966382510029,99.81414326148604,9.80719945859164,410.61538461538464,661.5384615384615,13,0.0010000000474974513,,82.12117004394531,,11.180339813232422,0.04575718362462449,0.0,0.038880666876423754,0.004999999888241291,0.5802556818181818,38305.0,11025.666666666666,1336.0172119140625,100.0
4po1zm1t,nec_frostbite_clip_frozen_seed42,finished,2026-09-11T08:54:03Z,NEC,Frostbite,clip_frozen,42,100000,1475.494369985,8,438.8,,,0.02454619978920248,,5,240,170,130,0.7733880441362102,2194,3.90415616,5.389034389518201,23.27719386521106,101.57902441555566,10.362248999997972,525.4545454545455,246.36363636363637,11,0.0010000000474974513,,30.918476104736328,,41.83300018310547,0.08170478005781653,0.0,0.03581153388773468,0.004999999888241291,0.054072553045859,68564.0,5011.111111111111,64.31421661376953,100.0
fxcwzba3,nec_frostbite_clip_frozen_seed43,finished,2026-09-11T09:19:03Z,NEC,Frostbite,clip_frozen,43,100000,1454.670816334,8,474.8,,,0.033914978334699614,,5,230,210,180,0.8816119174064021,2374,3.12494336,5.863931058906019,22.83992634539803,96.56592787415995,10.705060046166182,470.27272727272725,215.45454545454547,11,0.0010000000474974513,,29.80752944946289,,18.70828628540039,0.07906654458776105,0.0,0.035126539125416446,0.004999999888241291,0.0301999149298171,67556.0,4850.111111111111,62.02614212036133,100.0
